OrderID,OrderDate,CustomerID,ProductID,SalespersonID,RegionID,Quantity,UnitPrice,Discount,Cost,Sales,Profit
5559,2023-01-01,1010,2005,3016,4002,8,448.06,0.0,270.1,3584.48,1423.68
5180,2023-01-01,1059,2036,3010,4004,17,444.47,0.0,247.82,7555.99,3343.05
5522,2023-01-02,1047,2014,3024,4002,19,142.02,0.2,141.34,2158.7,-526.76
7026,2023-01-02,1099,2001,3014,4001,8,324.36,0.05,36.97,2465.14,2169.38
6083,2023-01-02,1026,2017,3013,4002,10,328.59,0.0,39.93,3285.9,2886.6
6457,2023-01-03,1015,2043,3012,4004,5,446.92,0.15,166.64,1899.41,1066.21
6147,2023-01-03,1007,2015,3014,4001,18,98.1,0.15,54.75,1500.93,515.43
5303,2023-01-03,1054,2014,3011,4005,16,179.7,0.2,183.94,2300.16,-642.88
5979,2023-01-03,1067,2016,3013,4003,3,338.02,0.0,298.46,1014.06,118.68
5163,2023-01-04,1023,2026,3024,4002,6,406.11,0.05,90.98,2314.83,1768.95
5421,2023-01-04,1014,2028,3025,4004,1,317.91,0.1,170.46,286.12,115.66
5610,2023-01-06,1051,2041,3021,4004,5,363.56,0.0,57.04,1817.8,1532.6
6992,2023-01-06,1086,2004,3010,4001,9,197.19,0.05,259.35,1685.97,-648.18
6615,2023-01-07,1084,2028,3001,4005,1,272.32,0.1,29.28,245.09,215.81
5032,2023-01-07,1016,2021,3017,4002,7,95.24,0.05,85.67,633.35,33.66
5683,2023-01-07,1064,2048,3025,4004,5,132.82,0.2,168.28,531.28,-310.12
6683,2023-01-08,1096,2013,3010,4001,5,418.65,0.05,281.04,1988.59,583.39
5231,2023-01-08,1050,2021,3018,4004,10,376.51,0.1,291.82,3388.59,470.39
6674,2023-01-08,1037,2001,3003,4004,7,469.47,0.15,139.7,2793.35,1815.45
5391,2023-01-09,1001,2025,3012,4002,17,273.99,0.0,72.33,4657.83,3428.22
7400,2023-01-09,1058,2029,3012,4005,14,404.91,0.05,210.27,5385.3,2441.52
6298,2023-01-09,1025,2016,3021,4003,15,193.1,0.2,212.75,2317.2,-874.05
5367,2023-01-10,1033,2037,3022,4003,16,77.68,0.05,25.57,1180.74,771.62
6265,2023-01-10,1006,2012,3001,4005,18,307.44,0.05,242.14,5257.22,898.7
5432,2023-01-10,1030,2041,3021,4004,1,58.34,0.15,67.47,49.59,-17.88
5845,2023-01-11,1007,2042,3002,4005,14,414.46,0.1,295.81,5222.2,1080.86
5150,2023-01-12,1021,2035,3006,4001,6,404.65,0.2,106.59,1942.32,1302.78
5797,2023-01-13,1076,2037,3022,4001,2,129.27,0.05,287.75,245.61,-329.89
5921,2023-01-13,1097,2021,3002,4002,10,271.87,0.15,232.22,2310.9,-11.3
6357,2023-01-15,1100,2004,3019,4003,18,90.96,0.1,41.52,1473.55,726.19
6114,2023-01-15,1062,2012,3010,4001,12,135.86,0.15,141.69,1385.77,-314.51
5907,2023-01-15,1038,2021,3015,4005,3,366.99,0.05,203.67,1045.92,434.91
5291,2023-01-16,1036,2021,3022,4005,12,272.89,0.2,91.22,2619.74,1525.1
6192,2023-01-16,1030,2041,3019,4005,9,341.47,0.2,189.4,2458.58,753.98
6468,2023-01-16,1027,2037,3021,4003,13,131.68,0.05,174.5,1626.25,-642.25
6473,2023-01-17,1093,2028,3012,4001,11,134.69,0.0,89.59,1481.59,496.1
7052,2023-01-17,1067,2006,3016,4001,13,219.58,0.2,271.36,2283.63,-1244.05
7018,2023-01-17,1019,2003,3010,4002,12,461.83,0.0,139.88,5541.96,3863.4
7470,2023-01-18,1013,2020,3010,4003,9,148.91,0.0,32.82,1340.19,1044.81
5860,2023-01-18,1088,2017,3007,4005,1,344.22,0.0,31.89,344.22,312.33
6883,2023-01-19,1076,2007,3020,4002,15,252.68,0.05,94.09,3600.69,2189.34
6700,2023-01-20,1015,2032,3023,4003,11,235.3,0.15,212.2,2200.06,-134.14
6994,2023-01-20,1009,2007,3024,4004,8,473.51,0.05,267.04,3598.68,1462.36
5184,2023-01-20,1012,2044,3005,4004,16,297.11,0.05,125.56,4516.07,2507.11
5734,2023-01-20,1033,2028,3022,4004,11,387.15,0.1,124.04,3832.78,2468.34
5679,2023-01-21,1040,2008,3013,4002,4,74.71,0.1,30.68,268.96,146.24
5746,2023-01-21,1086,2002,3017,4004,8,352.72,0.0,273.67,2821.76,632.4
7044,2023-01-21,1057,2049,3021,4005,7,433.5,0.05,70.7,2882.78,2387.88
6041,2023-01-22,1071,2013,3011,4002,17,122.03,0.15,24.87,1763.33,1340.54
6441,2023-01-22,1079,2017,3007,4002,19,451.15,0.1,145.82,7714.67,4944.09
6714,2023-01-22,1069,2024,3006,4002,7,173.71,0.15,36.9,1033.57,775.27
5225,2023-01-22,1007,2021,3002,4004,14,420.3,0.0,41.87,5884.2,5298.02
6294,2023-01-23,1092,2033,3015,4002,8,65.78,0.0,257.65,526.24,-1534.96
7381,2023-01-24,1001,2031,3003,4004,12,236.39,0.2,171.81,2269.34,207.62
5484,2023-01-25,1019,2027,3015,4003,2,426.01,0.05,199.96,809.42,409.5
5003,2023-01-26,1025,2003,3007,4005,17,406.36,0.05,285.22,6562.71,1713.97
5591,2023-01-26,1095,2021,3009,4003,12,466.59,0.0,203.06,5599.08,3162.36
6374,2023-01-26,1031,2049,3016,4005,1,420.68,0.05,157.55,399.65,242.1
5464,2023-01-26,1023,2004,3012,4005,1,402.19,0.0,141.35,402.19,260.84
5768,2023-01-27,1045,2036,3015,4005,8,77.2,0.15,111.93,524.96,-370.48
6035,2023-01-27,1006,2038,3008,4005,16,295.74,0.2,164.66,3785.47,1150.91
7234,2023-01-27,1092,2008,3023,4003,17,403.61,0.15,246.88,5832.16,1635.2
7185,2023-01-27,1067,2030,3001,4001,3,54.93,0.15,281.51,140.07,-704.46
6603,2023-01-27,1032,2037,3002,4002,14,399.38,0.15,83.57,4752.62,3582.64
6466,2023-01-27,1022,2044,3003,4002,5,146.76,0.05,163.04,697.11,-118.09
5021,2023-01-28,1060,2003,3025,4003,10,231.18,0.2,203.91,1849.44,-189.66
5713,2023-01-28,1015,2028,3022,4001,4,63.29,0.05,277.44,240.5,-869.26
6965,2023-01-28,1094,2009,3018,4002,15,429.5,0.0,280.41,6442.5,2236.35
7480,2023-01-28,1089,2037,3001,4003,1,258.74,0.15,235.63,219.93,-15.7
5708,2023-01-28,1051,2036,3002,4001,1,322.88,0.1,44.72,290.59,245.87
5499,2023-01-29,1034,2025,3008,4003,5,205.75,0.05,216.42,977.31,-104.79
6976,2023-01-29,1042,2021,3007,4002,16,457.46,0.2,218.11,5855.49,2365.73
6106,2023-01-30,1049,2012,3016,4001,2,176.57,0.15,213.88,300.17,-127.59
6232,2023-01-30,1088,2044,3003,4005,19,275.33,0.05,113.09,4969.71,2821.0
5831,2023-01-30,1053,2003,3010,4002,7,452.14,0.05,233.03,3006.73,1375.52
5697,2023-01-30,1062,2047,3010,4005,13,116.95,0.0,291.39,1520.35,-2267.72
7308,2023-01-30,1039,2036,3012,4003,16,221.71,0.2,265.2,2837.89,-1405.31
6608,2023-01-30,1050,2038,3016,4005,15,424.94,0.1,156.68,5736.69,3386.49
5015,2023-01-31,1015,2042,3020,4005,13,91.86,0.0,274.67,1194.18,-2376.53
5743,2023-02-01,1055,2016,3012,4001,5,280.15,0.05,295.92,1330.71,-148.89
6624,2023-02-01,1060,2050,3013,4005,16,285.92,0.2,253.47,3659.78,-395.74
7152,2023-02-01,1085,2049,3019,4004,8,464.94,0.2,169.77,2975.62,1617.46
6498,2023-02-01,1027,2032,3006,4004,19,491.92,0.05,133.83,8879.16,6336.39
7320,2023-02-01,1081,2020,3017,4004,15,390.41,0.1,270.72,5270.54,1209.74
5238,2023-02-02,1083,2024,3016,4002,1,220.96,0.15,118.2,187.82,69.62
5014,2023-02-02,1070,2008,3019,4002,15,107.37,0.2,72.07,1288.44,207.39
5103,2023-02-02,1024,2038,3002,4002,18,124.13,0.05,187.72,2122.62,-1256.34
7499,2023-02-02,1022,2020,3020,4002,17,116.77,0.0,260.8,1985.09,-2448.51
7166,2023-02-03,1006,2001,3015,4004,6,158.83,0.05,117.79,905.33,198.59
5986,2023-02-03,1094,2003,3014,4003,15,185.55,0.1,152.06,2504.93,224.03
6415,2023-02-03,1091,2011,3011,4003,11,210.94,0.1,27.7,2088.31,1783.61
6324,2023-02-04,1069,2013,3023,4001,10,63.85,0.1,183.13,574.65,-1256.65
7157,2023-02-05,1075,2015,3015,4001,19,391.31,0.1,40.53,6691.4,5921.33
6214,2023-02-06,1094,2011,3018,4005,4,301.69,0.15,284.18,1025.75,-110.97
5438,2023-02-06,1052,2022,3008,4003,11,109.47,0.05,24.32,1143.96,876.44
6074,2023-02-07,1033,2041,3007,4005,17,243.69,0.1,254.34,3728.46,-595.32
7078,2023-02-07,1060,2023,3019,4005,13,53.71,0.1,54.23,628.41,-76.58
7091,2023-02-07,1058,2030,3015,4002,14,256.13,0.1,190.32,3227.24,562.76
6182,2023-02-07,1013,2019,3017,4003,9,489.02,0.05,77.43,4181.12,3484.25
6788,2023-02-08,1020,2023,3019,4002,8,266.12,0.1,72.12,1916.06,1339.1
6391,2023-02-08,1060,2038,3001,4002,7,296.48,0.05,272.94,1971.59,61.01
6900,2023-02-08,1078,2017,3002,4005,3,96.83,0.0,255.92,290.49,-477.27
5505,2023-02-09,1073,2023,3017,4005,4,134.62,0.15,164.97,457.71,-202.17
7442,2023-02-09,1010,2041,3018,4002,19,231.34,0.2,128.69,3516.37,1071.26
5475,2023-02-09,1067,2017,3023,4004,13,278.74,0.0,63.02,3623.62,2804.36
6983,2023-02-09,1007,2043,3017,4002,14,177.53,0.0,79.1,2485.42,1378.02
6321,2023-02-10,1048,2034,3006,4003,18,312.15,0.05,64.41,5337.76,4178.38
6820,2023-02-10,1034,2025,3009,4002,11,304.91,0.2,104.0,2683.21,1539.21
5344,2023-02-10,1069,2042,3008,4005,10,479.5,0.0,266.48,4795.0,2130.2
6030,2023-02-10,1086,2046,3022,4003,1,311.28,0.2,75.59,249.02,173.43
5448,2023-02-10,1004,2020,3013,4003,14,151.2,0.0,118.69,2116.8,455.14
5742,2023-02-11,1027,2003,3008,4005,5,171.41,0.15,31.23,728.49,572.34
7440,2023-02-11,1098,2041,3016,4004,18,95.08,0.2,188.47,1369.15,-2023.31
6045,2023-02-11,1026,2045,3024,4001,12,364.56,0.1,148.44,3937.25,2155.97
5445,2023-02-12,1081,2027,3023,4003,3,179.3,0.0,107.0,537.9,216.9
5787,2023-02-12,1046,2032,3018,4002,8,262.0,0.15,281.09,1781.6,-467.12
7307,2023-02-12,1058,2027,3002,4005,10,434.67,0.2,90.97,3477.36,2567.66
7083,2023-02-12,1027,2002,3005,4001,14,248.16,0.1,141.79,3126.82,1141.76
6802,2023-02-12,1023,2002,3022,4005,15,444.61,0.05,257.47,6335.69,2473.64
6698,2023-02-13,1040,2015,3019,4001,3,345.31,0.05,119.59,984.13,625.36
7137,2023-02-13,1070,2029,3014,4001,4,222.38,0.1,26.72,800.57,693.69
6492,2023-02-14,1025,2010,3005,4003,11,265.05,0.0,36.28,2915.55,2516.47
5049,2023-02-14,1058,2014,3005,4003,18,396.87,0.15,179.1,6072.11,2848.31
7047,2023-02-14,1064,2016,3001,4001,8,453.67,0.15,174.21,3084.96,1691.28
7081,2023-02-14,1005,2040,3018,4003,12,476.28,0.15,179.24,4858.06,2707.18
6172,2023-02-14,1040,2044,3015,4001,2,280.88,0.0,241.41,561.76,78.94
6914,2023-02-14,1026,2027,3005,4004,15,247.69,0.0,27.3,3715.35,3305.85
5420,2023-02-15,1085,2012,3024,4002,12,198.63,0.1,217.45,2145.2,-464.2
7063,2023-02-15,1042,2023,3023,4005,17,469.71,0.05,200.86,7585.82,4171.2
5519,2023-02-15,1099,2009,3013,4002,19,112.22,0.1,245.74,1918.96,-2750.1
7441,2023-02-16,1011,2025,3022,4001,14,208.59,0.2,190.4,2336.21,-329.39
7408,2023-02-16,1038,2048,3022,4002,8,486.42,0.05,143.58,3696.79,2548.15
5064,2023-02-16,1076,2035,3024,4005,16,180.13,0.0,82.31,2882.08,1565.12
7310,2023-02-16,1065,2022,3016,4003,18,332.47,0.15,78.85,5086.79,3667.49
5912,2023-02-16,1008,2037,3022,4002,15,325.67,0.2,214.33,3908.04,693.09
6390,2023-02-16,1098,2006,3012,4003,9,365.08,0.15,228.39,2792.86,737.35
6669,2023-02-16,1031,2040,3016,4004,17,459.6,0.1,61.89,7031.88,5979.75
5592,2023-02-17,1024,2038,3007,4001,13,340.41,0.15,142.65,3761.53,1907.08
6233,2023-02-17,1068,2044,3008,4001,16,255.18,0.0,185.58,4082.88,1113.6
5134,2023-02-18,1087,2026,3007,4001,1,257.44,0.0,263.45,257.44,-6.01
7007,2023-02-18,1037,2038,3007,4003,17,347.51,0.0,130.11,5907.67,3695.8
7096,2023-02-18,1087,2014,3006,4004,3,138.95,0.0,281.9,416.85,-428.85
7390,2023-02-19,1058,2043,3023,4001,1,408.64,0.05,84.38,388.21,303.83
6301,2023-02-20,1042,2013,3018,4001,10,253.85,0.2,43.44,2030.8,1596.4
6643,2023-02-20,1051,2042,3009,4005,12,472.02,0.2,256.07,4531.39,1458.55
5720,2023-02-21,1053,2041,3021,4001,11,91.33,0.05,138.84,954.4,-572.84
7391,2023-02-21,1031,2035,3014,4001,6,281.74,0.15,114.61,1436.87,749.21
7363,2023-02-21,1049,2003,3005,4004,10,95.1,0.2,231.9,760.8,-1558.2
5323,2023-02-21,1060,2043,3004,4003,16,494.99,0.1,73.11,7127.86,5958.1
6442,2023-02-21,1032,2043,3013,4001,19,431.46,0.2,158.09,6558.19,3554.48
5618,2023-02-21,1051,2018,3024,4001,7,139.28,0.1,148.14,877.46,-159.52
5288,2023-02-21,1080,2049,3023,4005,2,130.63,0.15,294.85,222.07,-367.63
6575,2023-02-22,1040,2027,3006,4002,6,481.57,0.0,272.11,2889.42,1256.76
5415,2023-02-22,1057,2021,3020,4004,15,248.97,0.1,108.28,3361.1,1736.9
5929,2023-02-22,1008,2046,3002,4001,2,67.75,0.15,81.16,115.18,-47.14
6096,2023-02-22,1035,2046,3010,4002,16,419.28,0.05,121.57,6373.06,4427.94
7410,2023-02-22,1092,2023,3004,4001,10,403.6,0.15,280.47,3430.6,625.9
7488,2023-02-22,1085,2044,3010,4001,3,467.6,0.2,114.67,1122.24,778.23
5736,2023-02-23,1027,2020,3015,4001,13,74.25,0.1,52.01,868.72,192.59
6944,2023-02-23,1086,2016,3006,4004,10,434.42,0.15,248.93,3692.57,1203.27
6639,2023-02-23,1093,2008,3009,4003,9,107.97,0.05,268.4,923.14,-1492.46
6476,2023-02-23,1080,2021,3001,4001,11,479.46,0.05,275.6,5010.36,1978.76
6837,2023-02-23,1068,2041,3018,4003,1,465.94,0.1,277.6,419.35,141.75
5940,2023-02-24,1097,2036,3025,4002,6,400.92,0.2,240.92,1924.42,478.9
6967,2023-02-24,1007,2043,3022,4002,2,474.64,0.15,84.96,806.89,636.97
5913,2023-02-25,1029,2036,3025,4004,13,92.39,0.05,188.74,1141.02,-1312.6
6088,2023-02-25,1017,2036,3021,4003,12,354.74,0.2,291.8,3405.5,-96.1
5264,2023-02-25,1020,2046,3009,4003,2,212.06,0.15,126.14,360.5,108.22
7270,2023-02-26,1028,2008,3001,4002,14,132.2,0.2,130.17,1480.64,-341.74
6673,2023-02-26,1020,2006,3011,4002,11,95.1,0.1,277.68,941.49,-2112.99
6781,2023-02-27,1070,2033,3019,4001,1,67.0,0.1,122.02,60.3,-61.72
5101,2023-02-27,1004,2012,3021,4004,2,163.59,0.15,292.65,278.1,-307.2
6235,2023-02-27,1059,2028,3019,4003,18,362.18,0.05,268.93,6193.28,1352.54
5329,2023-02-28,1064,2008,3020,4004,1,238.27,0.15,202.96,202.53,-0.43
7143,2023-02-28,1016,2013,3002,4004,12,129.79,0.05,177.84,1479.61,-654.47
5322,2023-02-28,1058,2050,3020,4002,4,92.51,0.2,40.61,296.03,133.59
6789,2023-02-28,1053,2019,3020,4003,12,441.68,0.05,101.76,5035.15,3814.03
5317,2023-03-01,1008,2035,3002,4005,19,472.6,0.2,166.71,7183.52,4016.03
5189,2023-03-01,1071,2007,3020,4002,3,220.11,0.2,257.65,528.26,-244.69
5300,2023-03-02,1015,2015,3017,4001,3,258.65,0.15,97.26,659.56,367.78
5235,2023-03-02,1029,2023,3011,4002,17,127.03,0.0,42.33,2159.51,1439.9
5964,2023-03-03,1023,2045,3004,4002,11,255.93,0.15,67.07,2392.95,1655.18
6010,2023-03-03,1026,2001,3008,4005,11,402.83,0.15,55.11,3766.46,3160.25
7335,2023-03-03,1052,2005,3002,4004,19,424.74,0.05,119.12,7666.56,5403.28
6564,2023-03-03,1076,2045,3021,4005,12,318.81,0.15,227.79,3251.86,518.38
6429,2023-03-04,1047,2025,3001,4002,18,213.81,0.1,217.34,3463.72,-448.4
6499,2023-03-04,1072,2025,3013,4003,11,93.31,0.15,262.44,872.45,-2014.39
5269,2023-03-04,1001,2021,3014,4001,17,463.19,0.1,41.7,7086.81,6377.91
5320,2023-03-04,1090,2023,3005,4003,17,257.31,0.1,62.79,3936.84,2869.41
5673,2023-03-05,1009,2045,3005,4004,11,374.3,0.15,161.14,3499.7,1727.16
6812,2023-03-05,1085,2049,3009,4003,19,469.07,0.1,46.11,8021.1,7145.01
6381,2023-03-06,1012,2050,3015,4003,12,83.76,0.2,72.19,804.1,-62.18
7013,2023-03-06,1060,2010,3022,4004,1,243.24,0.0,161.75,243.24,81.49
7076,2023-03-06,1013,2047,3016,4005,5,160.39,0.15,266.5,681.66,-650.84
5142,2023-03-07,1034,2049,3004,4002,15,438.76,0.2,267.74,5265.12,1249.02
5666,2023-03-07,1049,2013,3017,4001,5,282.58,0.0,200.62,1412.9,409.8
5223,2023-03-07,1058,2048,3016,4004,15,244.58,0.0,86.84,3668.7,2366.1
6481,2023-03-07,1057,2008,3023,4003,1,255.16,0.05,141.54,242.4,100.86
7215,2023-03-08,1003,2040,3013,4003,1,366.84,0.2,123.86,293.47,169.61
5933,2023-03-08,1088,2019,3002,4004,8,305.22,0.15,153.22,2075.5,849.74
7244,2023-03-09,1032,2019,3001,4003,13,437.8,0.05,121.22,5406.83,3830.97
5107,2023-03-09,1032,2048,3025,4002,14,368.75,0.0,29.73,5162.5,4746.28
6513,2023-03-09,1093,2014,3021,4004,19,55.02,0.2,48.99,836.3,-94.51
6841,2023-03-09,1031,2020,3018,4005,19,68.13,0.2,243.45,1035.58,-3589.97
6555,2023-03-10,1033,2005,3008,4005,6,71.54,0.1,133.98,386.32,-417.56
7159,2023-03-10,1052,2043,3014,4005,16,159.84,0.05,29.32,2429.57,1960.45
7054,2023-03-11,1039,2035,3022,4005,1,173.59,0.05,201.34,164.91,-36.43
5237,2023-03-11,1038,2037,3021,4005,1,156.88,0.2,201.05,125.5,-75.55
6774,2023-03-11,1073,2022,3011,4003,3,306.2,0.0,246.73,918.6,178.41
5335,2023-03-11,1084,2021,3019,4003,17,134.03,0.05,157.74,2164.58,-517.0
7038,2023-03-11,1032,2032,3012,4001,12,241.64,0.15,24.5,2464.73,2170.73
6448,2023-03-12,1098,2013,3018,4002,13,306.11,0.0,240.11,3979.43,858.0
5740,2023-03-12,1057,2029,3023,4005,13,164.08,0.1,236.56,1919.74,-1155.54
5379,2023-03-12,1003,2001,3017,4004,6,474.71,0.05,215.83,2705.85,1410.87
6216,2023-03-12,1003,2033,3020,4002,10,251.7,0.15,254.89,2139.45,-409.45
5793,2023-03-12,1089,2028,3023,4004,18,228.87,0.1,130.37,3707.69,1361.03
5195,2023-03-12,1016,2016,3010,4003,7,359.12,0.1,245.31,2262.46,545.29
5333,2023-03-12,1073,2036,3023,4002,5,65.21,0.0,82.58,326.05,-86.85
6141,2023-03-13,1026,2027,3014,4001,6,269.64,0.2,54.51,1294.27,967.21
5490,2023-03-13,1061,2014,3010,4004,18,298.41,0.0,288.45,5371.38,179.28
6621,2023-03-13,1026,2005,3018,4004,14,61.53,0.15,96.35,732.21,-616.69
5530,2023-03-13,1088,2025,3002,4002,9,322.08,0.1,259.58,2608.85,272.63
5063,2023-03-13,1067,2024,3008,4002,1,115.71,0.0,93.45,115.71,22.26
5993,2023-03-14,1024,2041,3013,4004,12,140.66,0.1,169.41,1519.13,-513.79
5240,2023-03-14,1065,2019,3017,4001,1,70.06,0.1,181.67,63.05,-118.62
5232,2023-03-14,1027,2018,3014,4005,16,153.42,0.2,240.39,1963.78,-1882.46
5085,2023-03-15,1100,2037,3006,4001,3,280.41,0.1,130.86,757.11,364.53
6009,2023-03-15,1004,2003,3023,4005,13,457.86,0.2,291.41,4761.74,973.41
6696,2023-03-15,1003,2003,3023,4004,7,314.94,0.05,132.17,2094.35,1169.16
5366,2023-03-16,1077,2043,3024,4003,14,96.08,0.2,98.85,1076.1,-307.8
5596,2023-03-16,1031,2007,3007,4003,1,140.0,0.05,33.68,133.0,99.32
7333,2023-03-16,1099,2035,3016,4002,5,317.35,0.05,255.49,1507.41,229.96
6508,2023-03-17,1027,2035,3008,4001,6,392.93,0.1,269.94,2121.82,502.18
6784,2023-03-17,1033,2007,3022,4002,1,355.28,0.2,256.41,284.22,27.81
5372,2023-03-17,1055,2019,3010,4005,14,384.27,0.2,291.29,4303.82,225.76
5936,2023-03-17,1072,2044,3004,4002,11,261.19,0.05,211.67,2729.44,401.07
6271,2023-03-17,1049,2026,3008,4001,10,182.59,0.1,86.49,1643.31,778.41
7204,2023-03-17,1066,2013,3018,4002,15,229.39,0.1,266.21,3096.76,-896.39
7252,2023-03-17,1005,2029,3024,4002,6,188.22,0.05,163.22,1072.85,93.53
7256,2023-03-17,1089,2031,3023,4003,9,86.53,0.1,253.79,700.89,-1583.22
7417,2023-03-17,1079,2005,3010,4003,9,79.34,0.2,284.52,571.25,-1989.43
5977,2023-03-18,1011,2046,3003,4001,17,224.55,0.15,77.02,3244.75,1935.41
6197,2023-03-18,1096,2014,3022,4002,1,121.48,0.0,226.1,121.48,-104.62
7144,2023-03-18,1076,2005,3004,4002,9,438.2,0.05,41.52,3746.61,3372.93
5284,2023-03-19,1045,2040,3001,4004,16,213.5,0.0,276.56,3416.0,-1008.96
6347,2023-03-19,1097,2042,3003,4003,15,309.07,0.05,59.4,4404.25,3513.25
5434,2023-03-19,1091,2018,3022,4002,3,59.73,0.1,253.1,161.27,-598.03
6756,2023-03-19,1057,2049,3017,4003,12,285.65,0.0,173.02,3427.8,1351.56
5775,2023-03-19,1043,2034,3010,4002,17,209.26,0.05,234.5,3379.55,-606.95
6736,2023-03-20,1023,2025,3014,4001,9,347.75,0.1,26.11,2816.78,2581.79
6792,2023-03-20,1098,2029,3007,4002,10,364.4,0.0,222.85,3644.0,1415.5
7174,2023-03-20,1049,2014,3005,4005,6,139.71,0.1,131.35,754.43,-33.67
5649,2023-03-21,1002,2039,3003,4002,4,438.36,0.15,264.97,1490.42,430.54
6894,2023-03-21,1035,2042,3016,4003,8,495.2,0.05,106.48,3763.52,2911.68
6702,2023-03-21,1099,2004,3018,4003,5,236.53,0.05,218.63,1123.52,30.37
5192,2023-03-22,1095,2014,3004,4002,2,257.25,0.05,268.67,488.78,-48.56
6249,2023-03-22,1025,2013,3007,4001,5,416.49,0.2,299.95,1665.96,166.21
7283,2023-03-22,1036,2017,3007,4003,16,392.5,0.05,292.87,5966.0,1280.08
6729,2023-03-22,1005,2048,3004,4004,10,244.89,0.05,178.54,2326.45,541.05
7116,2023-03-22,1062,2033,3023,4002,1,310.58,0.0,158.73,310.58,151.85
5054,2023-03-22,1089,2031,3008,4004,4,108.37,0.0,282.55,433.48,-696.72
6993,2023-03-23,1092,2022,3019,4001,14,269.63,0.2,20.09,3019.86,2738.6
5068,2023-03-23,1086,2021,3004,4004,18,221.5,0.15,214.16,3388.95,-465.93
7124,2023-03-23,1008,2001,3023,4004,4,62.43,0.1,184.98,224.75,-515.17
6028,2023-03-24,1076,2009,3006,4002,15,263.19,0.15,297.59,3355.67,-1108.18
6509,2023-03-24,1046,2049,3012,4002,9,487.63,0.15,72.31,3730.37,3079.58
5331,2023-03-24,1063,2028,3009,4001,4,335.41,0.2,208.34,1073.31,239.95
6205,2023-03-24,1057,2037,3017,4001,11,407.17,0.05,282.02,4254.93,1152.71
5657,2023-03-24,1017,2037,3013,4004,3,469.97,0.1,105.28,1268.92,953.08
5346,2023-03-25,1025,2006,3012,4004,8,475.82,0.15,110.87,3235.58,2348.62
5732,2023-03-25,1015,2009,3004,4005,1,354.71,0.05,291.96,336.97,45.01
5972,2023-03-25,1002,2038,3013,4002,18,242.35,0.05,204.1,4144.19,470.39
7309,2023-03-25,1005,2007,3021,4004,11,383.02,0.05,148.75,4002.56,2366.31
6973,2023-03-25,1071,2037,3024,4002,3,338.96,0.2,99.87,813.5,513.89
6853,2023-03-25,1063,2009,3013,4002,19,125.17,0.0,66.75,2378.23,1109.98
6645,2023-03-25,1082,2032,3009,4001,7,275.44,0.0,261.26,1928.08,99.26
7114,2023-03-26,1055,2009,3001,4004,10,476.19,0.15,178.35,4047.62,2264.12
5714,2023-03-27,1097,2040,3011,4005,3,245.27,0.1,118.99,662.23,305.26
6954,2023-03-27,1008,2046,3024,4004,15,352.45,0.1,247.66,4758.08,1043.18
6816,2023-03-28,1096,2007,3001,4003,6,68.9,0.15,203.1,351.39,-867.21
5577,2023-03-28,1059,2023,3004,4005,14,363.04,0.2,160.35,4066.05,1821.15
6866,2023-03-28,1004,2025,3025,4001,10,460.22,0.15,131.04,3911.87,2601.47
6638,2023-03-28,1008,2021,3020,4001,13,181.21,0.05,109.35,2237.94,816.39
5945,2023-03-29,1096,2023,3005,4002,4,449.91,0.1,60.85,1619.68,1376.28
5193,2023-03-29,1052,2010,3013,4001,14,269.75,0.2,152.59,3021.2,884.94
6557,2023-03-29,1008,2014,3013,4005,5,367.27,0.0,119.72,1836.35,1237.75
5848,2023-03-29,1034,2042,3016,4004,13,234.43,0.0,135.22,3047.59,1289.73
7035,2023-03-29,1035,2025,3023,4002,12,153.93,0.15,206.21,1570.09,-904.43
5821,2023-03-30,1057,2038,3023,4004,19,460.5,0.1,71.4,7874.55,6517.95
7243,2023-03-30,1006,2037,3002,4001,8,57.97,0.1,206.91,417.38,-1237.9
7209,2023-03-31,1095,2042,3017,4005,16,237.16,0.1,30.96,3415.1,2919.74
5011,2023-03-31,1049,2025,3024,4003,17,291.59,0.05,287.83,4709.18,-183.93
6721,2023-04-01,1084,2019,3005,4002,12,425.51,0.05,164.0,4850.81,2882.81
6076,2023-04-01,1020,2013,3019,4003,9,218.63,0.2,72.27,1574.14,923.71
7382,2023-04-03,1051,2014,3023,4003,19,70.05,0.15,24.84,1131.31,659.35
6794,2023-04-03,1050,2018,3013,4003,15,303.84,0.05,44.22,4329.72,3666.42
6355,2023-04-03,1053,2008,3006,4001,5,103.04,0.0,32.1,515.2,354.7
6328,2023-04-03,1045,2026,3016,4003,1,74.36,0.2,158.79,59.49,-99.3
6222,2023-04-03,1062,2034,3004,4005,16,427.4,0.15,116.61,5812.64,3946.88
6625,2023-04-04,1014,2030,3006,4001,19,153.02,0.0,130.61,2907.38,425.79
6961,2023-04-04,1077,2008,3007,4004,4,77.76,0.2,21.02,248.83,164.75
6435,2023-04-04,1076,2026,3003,4003,15,307.34,0.05,89.29,4379.59,3040.24
6556,2023-04-04,1041,2021,3016,4005,7,233.54,0.05,202.16,1553.04,137.92
5133,2023-04-04,1035,2009,3019,4003,18,189.77,0.15,100.0,2903.48,1103.48
6057,2023-04-04,1026,2002,3017,4002,6,351.09,0.05,154.32,2001.21,1075.29
6036,2023-04-04,1091,2011,3023,4002,16,146.3,0.2,190.71,1872.64,-1178.72
5042,2023-04-05,1090,2036,3020,4002,9,252.62,0.15,293.76,1932.54,-711.3
5416,2023-04-05,1017,2024,3015,4002,10,82.18,0.05,36.95,780.71,411.21
5861,2023-04-06,1033,2045,3015,4002,16,356.54,0.1,149.51,5134.18,2742.02
6877,2023-04-06,1054,2045,3002,4001,5,221.73,0.1,229.13,997.78,-147.87
5292,2023-04-06,1099,2020,3018,4003,17,242.46,0.05,236.31,3915.73,-101.54
5016,2023-04-06,1054,2016,3005,4004,2,315.17,0.0,251.8,630.34,126.74
5584,2023-04-06,1070,2015,3002,4005,1,59.01,0.0,203.0,59.01,-143.99
6558,2023-04-06,1011,2004,3013,4002,18,152.09,0.05,289.85,2600.74,-2616.56
7294,2023-04-06,1014,2047,3020,4005,12,499.7,0.05,172.54,5696.58,3626.1
6117,2023-04-06,1083,2031,3002,4003,6,480.03,0.1,68.95,2592.16,2178.46
6843,2023-04-07,1014,2047,3015,4001,12,232.85,0.15,94.82,2375.07,1237.23
5256,2023-04-07,1090,2043,3022,4001,1,58.86,0.1,113.01,52.97,-60.04
6545,2023-04-08,1018,2035,3007,4002,16,241.9,0.15,71.13,3289.84,2151.76
6560,2023-04-09,1051,2042,3023,4005,6,333.85,0.0,257.45,2003.1,458.4
7362,2023-04-10,1072,2010,3003,4005,7,272.96,0.2,297.4,1528.58,-553.22
7428,2023-04-10,1021,2011,3011,4001,4,448.11,0.1,268.47,1613.2,539.32
6395,2023-04-10,1070,2010,3014,4004,10,137.17,0.05,207.76,1303.11,-774.49
5044,2023-04-10,1062,2042,3006,4005,10,188.44,0.2,157.23,1507.52,-64.78
5257,2023-04-10,1019,2041,3015,4001,10,381.04,0.15,22.58,3238.84,3013.04
6318,2023-04-10,1070,2029,3022,4003,6,244.52,0.15,136.16,1247.05,430.09
5287,2023-04-11,1021,2035,3008,4005,16,206.82,0.2,160.2,2647.3,84.1
5268,2023-04-11,1039,2010,3013,4005,4,143.14,0.15,48.79,486.68,291.52
6224,2023-04-11,1025,2024,3004,4003,10,426.98,0.2,299.52,3415.84,420.64
6410,2023-04-12,1068,2017,3023,4001,19,280.08,0.05,295.76,5055.44,-564.0
6978,2023-04-12,1042,2043,3006,4003,15,312.72,0.15,158.89,3987.18,1603.83
6530,2023-04-12,1009,2011,3015,4002,12,144.47,0.2,164.76,1386.91,-590.21
5966,2023-04-12,1019,2017,3014,4005,3,112.96,0.05,233.16,321.94,-377.54
6423,2023-04-12,1022,2035,3019,4004,5,143.75,0.1,215.7,646.88,-431.62
6227,2023-04-13,1053,2036,3004,4005,4,338.8,0.15,146.59,1151.92,565.56
5371,2023-04-13,1021,2046,3008,4001,16,373.07,0.1,137.64,5372.21,3169.97
6187,2023-04-13,1066,2017,3013,4001,10,340.88,0.2,29.14,2727.04,2435.64
5900,2023-04-13,1018,2018,3008,4004,15,150.17,0.0,116.99,2252.55,497.7
6189,2023-04-13,1099,2048,3014,4004,9,73.04,0.2,92.12,525.89,-303.19
6896,2023-04-14,1090,2032,3002,4003,12,443.75,0.0,216.74,5325.0,2724.12
5070,2023-04-14,1029,2039,3004,4005,18,201.27,0.2,90.79,2898.29,1264.07
5008,2023-04-15,1058,2039,3016,4002,1,231.07,0.1,79.35,207.96,128.61
5780,2023-04-15,1074,2044,3020,4002,11,301.2,0.1,272.62,2981.88,-16.94
5041,2023-04-15,1055,2009,3002,4001,7,270.14,0.05,35.63,1796.43,1547.02
5454,2023-04-16,1084,2028,3006,4002,16,417.77,0.0,265.36,6684.32,2438.56
6949,2023-04-16,1052,2018,3010,4002,14,424.42,0.1,192.58,5347.69,2651.57
5920,2023-04-16,1034,2012,3025,4002,9,419.51,0.05,235.15,3586.81,1470.46
6814,2023-04-16,1008,2049,3010,4002,10,478.86,0.2,272.65,3830.88,1104.38
6748,2023-04-16,1094,2003,3008,4003,4,86.38,0.15,254.2,293.69,-723.11
7123,2023-04-16,1012,2042,3003,4002,15,426.62,0.1,32.73,5759.37,5268.42
7059,2023-04-17,1046,2042,3010,4005,13,377.03,0.05,47.71,4656.32,4036.09
5396,2023-04-17,1062,2020,3023,4001,1,397.62,0.05,37.73,377.74,340.01
6580,2023-04-17,1033,2001,3008,4003,13,88.27,0.0,154.07,1147.51,-855.4
6064,2023-04-18,1059,2003,3001,4003,7,253.1,0.15,236.96,1505.94,-152.78
5168,2023-04-19,1055,2035,3022,4005,5,443.14,0.05,211.19,2104.91,1048.96
5800,2023-04-19,1005,2047,3020,4001,4,439.57,0.05,283.73,1670.37,535.45
7353,2023-04-19,1058,2038,3020,4001,19,105.03,0.1,265.26,1796.01,-3243.93
6723,2023-04-19,1070,2005,3022,4004,15,309.68,0.2,148.11,3716.16,1494.51
5611,2023-04-20,1062,2001,3007,4003,8,318.21,0.2,51.95,2036.54,1620.94
5400,2023-04-20,1092,2035,3025,4005,3,398.27,0.1,123.94,1075.33,703.51
6285,2023-04-20,1013,2030,3007,4005,19,160.92,0.2,92.2,2445.98,694.18
7401,2023-04-21,1005,2019,3007,4001,10,208.15,0.2,86.13,1665.2,803.9
6370,2023-04-21,1032,2041,3023,4004,3,455.43,0.1,199.05,1229.66,632.51
6504,2023-04-21,1093,2020,3016,4002,6,102.28,0.05,33.36,583.0,382.84
5473,2023-04-21,1056,2036,3015,4005,10,278.33,0.15,47.65,2365.8,1889.3
5766,2023-04-21,1068,2043,3005,4005,19,489.24,0.2,253.86,7436.45,2613.11
6588,2023-04-21,1038,2029,3018,4003,13,108.81,0.0,38.95,1414.53,908.18
5272,2023-04-22,1092,2022,3008,4001,18,446.11,0.15,121.15,6825.48,4644.78
6487,2023-04-22,1015,2029,3023,4005,7,479.79,0.15,57.52,2854.75,2452.11
5506,2023-04-22,1026,2022,3006,4001,7,436.85,0.0,22.46,3057.95,2900.73
7474,2023-04-23,1007,2028,3024,4003,9,148.22,0.0,170.46,1333.98,-200.16
6464,2023-04-23,1078,2029,3011,4003,15,94.64,0.15,208.58,1206.66,-1922.04
5135,2023-04-23,1081,2016,3025,4005,16,353.3,0.0,40.24,5652.8,5008.96
7002,2023-04-24,1024,2014,3022,4001,10,152.75,0.05,39.95,1451.12,1051.62
7014,2023-04-24,1039,2028,3011,4005,19,248.58,0.05,121.68,4486.87,2174.95
6660,2023-04-24,1054,2038,3002,4004,1,486.29,0.0,110.21,486.29,376.08
5158,2023-04-25,1099,2021,3008,4001,7,137.3,0.15,286.29,816.94,-1187.09
5433,2023-04-25,1079,2047,3003,4003,16,247.0,0.0,231.85,3952.0,242.4
5002,2023-04-25,1051,2033,3011,4001,3,359.13,0.15,81.58,915.78,671.04
5185,2023-04-25,1061,2042,3020,4002,1,477.1,0.2,278.12,381.68,103.56
6480,2023-04-27,1019,2002,3022,4003,16,184.03,0.1,166.11,2650.03,-7.73
5932,2023-04-27,1067,2017,3007,4001,13,342.09,0.1,215.3,4002.45,1203.55
6119,2023-04-27,1095,2029,3019,4003,12,139.88,0.0,82.77,1678.56,685.32
7184,2023-04-27,1006,2046,3024,4005,4,233.1,0.05,56.57,885.78,659.5
6739,2023-04-27,1011,2004,3006,4003,7,202.77,0.2,67.48,1135.51,663.15
6657,2023-04-27,1035,2025,3015,4003,4,98.67,0.2,252.39,315.74,-693.82
6002,2023-04-28,1014,2008,3022,4005,3,125.24,0.05,90.31,356.93,86.0
6592,2023-04-28,1098,2004,3013,4004,15,206.92,0.1,23.48,2793.42,2441.22
6532,2023-04-28,1048,2041,3021,4004,12,268.88,0.05,232.2,3065.23,278.83
5753,2023-04-28,1013,2045,3016,4004,9,350.11,0.2,129.34,2520.79,1356.73
6712,2023-04-28,1002,2034,3010,4002,11,272.83,0.0,222.92,3001.13,549.01
5152,2023-04-28,1010,2026,3013,4005,17,123.19,0.2,267.02,1675.38,-2863.96
6345,2023-04-28,1040,2044,3007,4004,13,245.93,0.05,28.13,3037.24,2671.55
5763,2023-04-28,1005,2038,3007,4003,13,387.33,0.1,40.55,4531.76,4004.61
6080,2023-04-29,1062,2025,3013,4004,5,98.66,0.2,246.6,394.64,-838.36
6394,2023-04-29,1035,2014,3016,4004,7,263.26,0.15,251.61,1566.4,-194.87
5514,2023-04-29,1081,2028,3014,4001,12,373.31,0.05,293.25,4255.73,736.73
5399,2023-04-29,1034,2005,3022,4002,11,344.16,0.15,205.5,3217.9,957.4
5500,2023-04-29,1049,2040,3015,4004,1,127.67,0.0,296.19,127.67,-168.52
6388,2023-04-30,1017,2046,3017,4001,5,164.31,0.15,61.18,698.32,392.42
6121,2023-05-01,1081,2018,3014,4004,10,236.33,0.05,84.5,2245.14,1400.14
7191,2023-05-01,1015,2008,3025,4001,13,393.63,0.2,241.12,4093.75,959.19
7426,2023-05-02,1062,2025,3002,4001,10,459.84,0.05,215.2,4368.48,2216.48
5947,2023-05-02,1078,2027,3007,4003,7,176.1,0.15,201.64,1047.8,-363.68
6682,2023-05-03,1051,2009,3005,4002,15,178.04,0.2,74.82,2136.48,1014.18
5888,2023-05-03,1083,2004,3017,4005,7,431.16,0.2,218.44,2414.5,885.42
5339,2023-05-03,1013,2015,3024,4004,13,200.36,0.1,235.74,2344.21,-720.41
5785,2023-05-04,1047,2011,3022,4004,6,252.67,0.0,267.88,1516.02,-91.26
5220,2023-05-04,1076,2020,3005,4003,6,399.73,0.2,98.07,1918.7,1330.28
5885,2023-05-04,1087,2044,3012,4003,17,149.57,0.0,238.09,2542.69,-1504.84
5621,2023-05-05,1005,2006,3004,4004,15,264.07,0.2,60.09,3168.84,2267.49
7229,2023-05-05,1045,2034,3009,4005,12,417.87,0.2,285.51,4011.55,585.43
6105,2023-05-05,1059,2018,3019,4002,13,489.39,0.15,162.15,5407.76,3299.81
7006,2023-05-05,1091,2038,3015,4003,16,369.67,0.0,222.45,5914.72,2355.52
7202,2023-05-06,1010,2018,3021,4001,18,311.5,0.05,138.68,5326.65,2830.41
6570,2023-05-06,1086,2048,3009,4001,9,52.61,0.0,253.24,473.49,-1805.67
6433,2023-05-06,1099,2038,3002,4005,10,387.87,0.2,161.1,3102.96,1491.96
7357,2023-05-06,1075,2012,3016,4002,15,441.4,0.0,237.97,6621.0,3051.45
6360,2023-05-07,1038,2028,3008,4003,18,367.3,0.1,151.57,5950.26,3222.0
6952,2023-05-08,1028,2036,3017,4001,8,130.84,0.05,249.42,994.38,-1000.98
5052,2023-05-08,1096,2011,3005,4002,5,126.08,0.15,244.84,535.84,-688.36
7100,2023-05-08,1035,2034,3023,4001,12,73.01,0.15,263.04,744.7,-2411.78
5536,2023-05-08,1007,2030,3018,4001,15,64.84,0.05,285.94,923.97,-3365.13
6017,2023-05-08,1070,2013,3017,4002,4,484.26,0.2,263.28,1549.63,496.51
7271,2023-05-08,1062,2040,3017,4004,3,324.44,0.0,290.15,973.32,102.87
6445,2023-05-09,1058,2002,3025,4004,3,471.51,0.1,33.26,1273.08,1173.3
7289,2023-05-09,1099,2023,3001,4002,13,295.71,0.1,32.5,3459.81,3037.31
5197,2023-05-09,1099,2042,3017,4004,18,301.95,0.2,279.09,4348.08,-675.54
7253,2023-05-09,1083,2017,3003,4001,17,457.29,0.2,216.2,6219.14,2543.74
6514,2023-05-10,1064,2017,3008,4001,1,159.05,0.2,148.19,127.24,-20.95
6183,2023-05-10,1082,2019,3003,4004,2,440.75,0.1,220.34,793.35,352.67
5917,2023-05-10,1010,2011,3009,4001,7,450.8,0.2,215.79,2524.48,1013.95
6477,2023-05-10,1059,2024,3019,4004,16,161.31,0.05,76.62,2451.91,1225.99
7158,2023-05-10,1067,2029,3017,4004,12,217.31,0.05,82.54,2477.33,1486.85
5750,2023-05-10,1074,2035,3021,4001,15,207.26,0.05,298.14,2953.45,-1518.65
5910,2023-05-10,1004,2005,3016,4001,11,127.26,0.15,238.18,1189.88,-1430.1
5444,2023-05-11,1051,2015,3008,4003,15,140.28,0.1,152.36,1893.78,-391.62
5547,2023-05-11,1039,2016,3015,4001,14,271.34,0.0,271.52,3798.76,-2.52
6872,2023-05-11,1023,2022,3025,4005,16,173.23,0.0,204.91,2771.68,-506.88
5705,2023-05-11,1039,2004,3007,4002,1,197.67,0.0,217.94,197.67,-20.27
5198,2023-05-12,1012,2025,3020,4004,5,185.41,0.05,145.11,880.7,155.15
7262,2023-05-12,1079,2037,3022,4001,19,358.87,0.15,200.25,5795.75,1991.0
7427,2023-05-12,1010,2014,3008,4002,1,372.05,0.1,119.31,334.84,215.53
7267,2023-05-13,1099,2013,3016,4001,6,499.35,0.15,228.37,2546.69,1176.47
6863,2023-05-13,1075,2001,3015,4005,18,279.18,0.1,51.01,4522.72,3604.54
7241,2023-05-13,1060,2017,3021,4003,13,453.21,0.2,180.67,4713.38,2364.67
6687,2023-05-13,1066,2003,3007,4002,5,425.5,0.2,108.98,1702.0,1157.1
5423,2023-05-14,1075,2026,3006,4002,3,71.41,0.15,163.17,182.1,-307.41
6562,2023-05-14,1041,2015,3005,4003,4,209.1,0.2,145.76,669.12,86.08
7349,2023-05-14,1048,2002,3007,4001,13,323.12,0.1,94.97,3780.5,2545.89
6460,2023-05-14,1075,2020,3018,4004,12,112.63,0.05,69.24,1283.98,453.1
6327,2023-05-15,1040,2044,3023,4004,17,478.9,0.1,119.43,7327.17,5296.86
6100,2023-05-15,1094,2030,3011,4002,18,375.89,0.0,20.37,6766.02,6399.36
6904,2023-05-15,1009,2050,3025,4005,12,345.1,0.2,110.7,3312.96,1984.56
6467,2023-05-15,1075,2009,3007,4002,14,142.07,0.0,79.95,1988.98,869.68
5360,2023-05-15,1063,2028,3023,4004,18,203.12,0.15,244.17,3107.74,-1287.32
5248,2023-05-16,1070,2042,3012,4003,8,135.02,0.05,165.71,1026.15,-299.53
5377,2023-05-16,1095,2046,3003,4003,19,115.03,0.0,212.88,2185.57,-1859.15
6334,2023-05-16,1056,2032,3009,4002,5,265.57,0.05,228.28,1261.46,120.06
5623,2023-05-17,1026,2027,3006,4003,9,397.01,0.15,296.31,3037.13,370.34
7062,2023-05-17,1090,2012,3025,4002,8,142.01,0.0,129.75,1136.08,98.08
7403,2023-05-18,1094,2002,3010,4004,1,65.03,0.1,161.88,58.53,-103.35
5397,2023-05-18,1065,2034,3016,4003,19,126.93,0.2,296.07,1929.34,-3695.99
6398,2023-05-19,1071,2031,3017,4002,16,460.07,0.1,187.15,6625.01,3630.61
7203,2023-05-19,1025,2002,3021,4005,10,277.69,0.1,24.1,2499.21,2258.21
7075,2023-05-19,1068,2046,3014,4004,10,168.12,0.1,122.48,1513.08,288.28
5717,2023-05-19,1097,2033,3019,4002,3,322.22,0.15,203.47,821.66,211.25
6140,2023-05-20,1023,2009,3006,4002,15,245.57,0.0,181.13,3683.55,966.6
6982,2023-05-21,1068,2050,3014,4003,13,350.26,0.05,27.99,4325.71,3961.84
7443,2023-05-21,1015,2010,3021,4003,14,57.44,0.0,137.94,804.16,-1127.0
6316,2023-05-21,1090,2040,3002,4004,16,355.51,0.1,152.12,5119.34,2685.42
7176,2023-05-21,1038,2019,3011,4003,8,389.97,0.0,269.43,3119.76,964.32
6892,2023-05-21,1049,2045,3011,4001,12,421.82,0.2,118.78,4049.47,2624.11
6678,2023-05-21,1060,2017,3004,4004,12,320.09,0.2,211.65,3072.86,533.06
5130,2023-05-22,1095,2014,3012,4005,6,145.07,0.05,183.36,826.9,-273.26
5658,2023-05-22,1009,2049,3010,4005,7,412.71,0.15,29.98,2455.62,2245.76
6942,2023-05-22,1021,2033,3023,4003,13,206.04,0.0,126.03,2678.52,1040.13
6987,2023-05-23,1045,2018,3021,4005,7,143.04,0.0,184.94,1001.28,-293.3
5007,2023-05-23,1022,2030,3024,4005,10,78.94,0.15,72.69,670.99,-55.91
5119,2023-05-23,1012,2033,3007,4002,10,132.05,0.2,55.88,1056.4,497.6
7231,2023-05-23,1012,2048,3015,4004,19,273.13,0.05,113.71,4930.0,2769.51
7452,2023-05-24,1089,2012,3007,4003,13,499.44,0.0,283.89,6492.72,2802.15
6389,2023-05-24,1095,2005,3005,4001,16,436.88,0.0,234.32,6990.08,3240.96
5278,2023-05-24,1038,2048,3010,4001,18,411.94,0.2,230.11,5931.94,1789.96
6348,2023-05-25,1059,2026,3019,4005,1,312.52,0.2,284.65,250.02,-34.63
7361,2023-05-25,1086,2032,3015,4003,3,51.77,0.0,88.16,155.31,-109.17
6856,2023-05-25,1041,2048,3024,4005,19,90.04,0.15,204.85,1454.15,-2438.0
6622,2023-05-26,1003,2013,3002,4002,7,466.14,0.2,20.95,2610.38,2463.73
6008,2023-05-26,1022,2007,3020,4002,9,306.67,0.1,281.08,2484.03,-45.69
6257,2023-05-27,1063,2014,3011,4004,19,488.31,0.2,214.69,7422.31,3343.2
6617,2023-05-27,1004,2038,3016,4004,8,479.59,0.05,151.5,3644.88,2432.88
7153,2023-05-27,1002,2017,3012,4001,17,388.02,0.1,148.62,5936.71,3410.17
5117,2023-05-27,1051,2011,3015,4005,12,327.3,0.15,149.79,3338.46,1540.98
7344,2023-05-28,1009,2007,3020,4005,13,478.93,0.1,212.78,5603.48,2837.34
6193,2023-05-28,1013,2035,3006,4001,16,276.19,0.05,129.8,4198.09,2121.29
7434,2023-05-28,1053,2023,3016,4005,5,230.3,0.05,143.1,1093.92,378.42
7023,2023-05-28,1069,2035,3023,4002,14,170.18,0.1,152.04,2144.27,15.71
6459,2023-05-29,1029,2017,3013,4002,16,315.02,0.05,52.95,4788.3,3941.1
6135,2023-05-29,1032,2028,3011,4003,19,106.95,0.05,161.13,1930.45,-1131.02
6981,2023-05-30,1084,2036,3004,4001,5,90.8,0.1,134.54,408.6,-264.1
6240,2023-05-30,1039,2043,3014,4003,13,372.24,0.1,235.25,4355.21,1296.96
6749,2023-05-30,1001,2050,3019,4003,2,443.72,0.0,35.33,887.44,816.78
6959,2023-05-31,1002,2027,3005,4003,19,198.09,0.0,249.61,3763.71,-978.88
5590,2023-05-31,1094,2040,3011,4002,17,307.92,0.05,130.64,4972.91,2752.03
6512,2023-06-01,1003,2026,3022,4005,7,137.94,0.2,149.84,772.46,-276.42
5442,2023-06-01,1079,2011,3020,4005,11,288.84,0.1,39.48,2859.52,2425.24
6746,2023-06-01,1010,2007,3015,4004,16,397.2,0.05,196.37,6037.44,2895.52
5607,2023-06-01,1079,2024,3018,4005,19,163.33,0.0,103.12,3103.27,1143.99
7496,2023-06-01,1088,2026,3023,4005,16,272.98,0.1,220.67,3930.91,400.19
6455,2023-06-01,1013,2030,3018,4005,9,261.73,0.0,111.49,2355.57,1352.16
7449,2023-06-02,1025,2001,3020,4004,11,450.36,0.05,34.1,4706.26,4331.16
6006,2023-06-02,1025,2007,3005,4005,1,199.05,0.2,165.7,159.24,-6.46
5942,2023-06-02,1008,2011,3002,4002,10,283.68,0.1,169.98,2553.12,853.32
5436,2023-06-02,1063,2023,3023,4005,4,275.47,0.0,189.91,1101.88,342.24
6154,2023-06-02,1082,2037,3022,4005,1,335.2,0.2,189.97,268.16,78.19
6997,2023-06-03,1015,2004,3020,4004,10,322.91,0.1,121.27,2906.19,1693.49
6851,2023-06-03,1064,2027,3003,4004,2,319.72,0.05,265.93,607.47,75.61
5659,2023-06-04,1075,2041,3003,4003,18,361.84,0.2,281.98,5210.5,134.86
6811,2023-06-04,1008,2041,3023,4001,8,351.69,0.2,275.15,2250.82,49.62
6772,2023-06-04,1078,2041,3014,4001,3,381.5,0.2,134.08,915.6,513.36
6180,2023-06-05,1086,2021,3014,4001,1,137.37,0.05,64.94,130.5,65.56
5941,2023-06-05,1092,2038,3014,4004,12,402.77,0.1,112.46,4349.92,3000.4
6552,2023-06-06,1011,2007,3013,4001,13,387.74,0.15,230.65,4284.53,1286.08
6754,2023-06-06,1076,2008,3019,4002,11,433.83,0.1,43.09,4294.92,3820.93
5136,2023-06-06,1090,2005,3003,4005,7,293.68,0.15,265.25,1747.4,-109.35
5806,2023-06-06,1051,2028,3019,4005,1,378.07,0.0,121.03,378.07,257.04
7273,2023-06-06,1080,2045,3010,4002,19,191.51,0.1,282.58,3274.82,-2094.2
5175,2023-06-06,1062,2044,3008,4003,11,55.34,0.0,187.09,608.74,-1449.25
5748,2023-06-06,1010,2041,3024,4002,7,163.09,0.2,80.16,913.3,352.18
5663,2023-06-06,1035,2039,3014,4002,16,459.86,0.15,252.27,6254.1,2217.78
6123,2023-06-07,1080,2022,3006,4005,10,271.11,0.2,243.49,2168.88,-266.02
6907,2023-06-07,1026,2025,3020,4003,9,63.68,0.15,267.46,487.15,-1919.99
7300,2023-06-07,1062,2030,3017,4001,16,428.24,0.2,214.99,5481.47,2041.63
7168,2023-06-07,1022,2022,3023,4003,12,244.88,0.15,281.48,2497.78,-879.98
6893,2023-06-08,1096,2046,3017,4003,10,379.11,0.15,264.06,3222.44,581.84
6407,2023-06-08,1037,2043,3009,4005,9,113.03,0.1,260.24,915.54,-1426.62
5459,2023-06-08,1053,2020,3001,4003,12,187.45,0.0,46.38,2249.4,1692.84
5313,2023-06-08,1072,2008,3006,4005,9,288.25,0.15,180.82,2205.11,577.73
6584,2023-06-08,1077,2027,3003,4001,11,205.0,0.1,41.31,2029.5,1575.09
6196,2023-06-08,1032,2018,3021,4004,19,175.42,0.05,121.86,3166.33,850.99
5402,2023-06-09,1072,2029,3003,4004,12,272.08,0.15,119.75,2775.22,1338.22
6640,2023-06-09,1053,2049,3015,4003,15,434.89,0.05,33.79,6197.18,5690.33
5038,2023-06-09,1019,2041,3018,4004,12,366.77,0.05,150.1,4181.18,2379.98
5978,2023-06-10,1002,2031,3023,4001,9,219.18,0.05,200.32,1873.99,71.11
5973,2023-06-10,1001,2003,3004,4003,15,331.99,0.1,73.97,4481.87,3372.32
5161,2023-06-11,1096,2036,3006,4001,13,289.1,0.2,203.28,3006.64,364.0
6270,2023-06-11,1087,2036,3012,4003,3,245.95,0.05,182.4,700.96,153.76
5328,2023-06-11,1100,2010,3013,4002,13,430.12,0.15,25.4,4752.83,4422.63
5383,2023-06-11,1037,2013,3009,4002,18,210.03,0.2,239.24,3024.43,-1281.89
7336,2023-06-11,1029,2046,3012,4002,7,104.68,0.0,299.08,732.76,-1360.8
6641,2023-06-11,1055,2016,3004,4003,4,314.34,0.0,58.19,1257.36,1024.6
6632,2023-06-11,1025,2047,3010,4002,13,450.47,0.1,277.09,5270.5,1668.33
7220,2023-06-11,1013,2032,3017,4001,13,214.27,0.15,96.66,2367.68,1111.1
6828,2023-06-12,1017,2026,3015,4004,5,377.74,0.1,246.44,1699.83,467.63
6111,2023-06-12,1055,2034,3023,4002,13,265.04,0.0,246.91,3445.52,235.69
5636,2023-06-12,1037,2045,3010,4002,5,496.22,0.0,112.07,2481.1,1920.75
7151,2023-06-13,1066,2001,3010,4002,10,99.74,0.0,202.39,997.4,-1026.5
5471,2023-06-13,1004,2046,3021,4004,13,476.62,0.1,157.01,5576.45,3535.32
5033,2023-06-13,1013,2046,3010,4005,17,273.3,0.2,73.97,3716.88,2459.39
7369,2023-06-13,1045,2016,3003,4001,1,401.67,0.2,98.77,321.34,222.57
5138,2023-06-13,1093,2050,3018,4003,4,392.78,0.15,134.31,1335.45,798.21
7374,2023-06-13,1065,2021,3021,4002,12,414.96,0.15,294.34,4232.59,700.51
6065,2023-06-14,1039,2008,3003,4002,4,222.89,0.05,227.15,846.98,-61.62
6955,2023-06-14,1016,2003,3018,4002,3,163.49,0.05,105.43,465.95,149.66
5426,2023-06-15,1064,2028,3016,4004,1,362.91,0.0,100.91,362.91,262.0
6939,2023-06-15,1051,2011,3001,4004,19,59.1,0.1,104.3,1010.61,-971.09
5177,2023-06-15,1089,2020,3006,4002,9,310.13,0.1,289.67,2512.05,-94.98
7276,2023-06-15,1004,2030,3016,4005,4,225.11,0.05,220.81,855.42,-27.82
6908,2023-06-16,1072,2028,3016,4001,10,245.13,0.1,50.38,2206.17,1702.37
5461,2023-06-16,1077,2008,3019,4002,6,71.38,0.15,265.05,364.04,-1226.26
7456,2023-06-16,1085,2047,3006,4004,5,499.38,0.1,146.2,2247.21,1516.21
5076,2023-06-16,1062,2045,3024,4005,13,474.31,0.0,182.79,6166.03,3789.76
5764,2023-06-17,1029,2028,3013,4004,19,111.15,0.05,133.46,2006.26,-529.48
5091,2023-06-17,1100,2018,3012,4005,1,444.07,0.1,107.5,399.66,292.16
6340,2023-06-18,1033,2028,3010,4002,15,234.26,0.0,62.45,3513.9,2577.15
5301,2023-06-18,1031,2022,3003,4003,14,89.84,0.0,118.2,1257.76,-397.04
7275,2023-06-18,1097,2030,3016,4004,19,321.54,0.05,180.35,5803.8,2377.15
6011,2023-06-19,1058,2036,3014,4004,6,330.13,0.2,64.96,1584.62,1194.86
5703,2023-06-19,1040,2018,3022,4005,4,125.83,0.05,126.56,478.15,-28.09
6912,2023-06-19,1028,2029,3008,4002,5,287.96,0.05,209.84,1367.81,318.61
5202,2023-06-19,1100,2009,3022,4001,1,290.66,0.1,60.1,261.59,201.49
5294,2023-06-20,1020,2004,3005,4001,19,146.63,0.15,78.45,2368.07,877.52
7132,2023-06-20,1084,2048,3018,4005,14,130.2,0.2,273.17,1458.24,-2366.14
6229,2023-06-20,1073,2003,3007,4001,2,458.55,0.1,179.98,825.39,465.43
5760,2023-06-21,1015,2025,3016,4003,6,304.46,0.2,177.3,1461.41,397.61
7297,2023-06-22,1005,2003,3002,4003,8,354.31,0.1,298.14,2551.03,165.91
6735,2023-06-22,1045,2010,3023,4003,9,330.04,0.0,262.6,2970.36,606.96
5575,2023-06-23,1059,2008,3015,4005,2,214.36,0.1,247.82,385.85,-109.79
6247,2023-06-24,1077,2010,3005,4001,6,425.74,0.1,135.17,2299.0,1487.98
7491,2023-06-24,1027,2022,3020,4002,10,258.92,0.1,159.37,2330.28,736.58
5088,2023-06-25,1023,2024,3014,4004,13,304.28,0.0,54.51,3955.64,3247.01
7301,2023-06-25,1091,2045,3012,4004,12,447.52,0.1,50.92,4833.22,4222.18
6716,2023-06-25,1041,2019,3003,4001,6,317.71,0.1,29.8,1715.63,1536.83
7206,2023-06-26,1054,2015,3024,4005,11,237.52,0.1,261.21,2351.45,-521.86
6819,2023-06-26,1047,2034,3005,4003,3,257.15,0.05,136.42,732.88,323.62
6752,2023-06-27,1008,2018,3016,4003,18,366.08,0.1,39.46,5930.5,5220.22
5975,2023-06-27,1069,2013,3018,4004,16,355.69,0.05,56.9,5406.49,4496.09
5553,2023-06-28,1025,2035,3017,4002,6,138.83,0.05,74.02,791.33,347.21
6474,2023-06-28,1021,2042,3024,4005,17,178.38,0.1,126.04,2729.21,586.53
7225,2023-06-28,1068,2049,3024,4001,9,136.76,0.0,86.51,1230.84,452.25
6463,2023-06-28,1047,2022,3023,4003,7,367.06,0.0,22.96,2569.42,2408.7
6686,2023-06-29,1100,2020,3020,4001,12,91.35,0.2,99.7,876.96,-319.44
6046,2023-06-29,1085,2019,3011,4002,14,163.81,0.2,294.83,1834.67,-2292.95
6248,2023-06-29,1098,2046,3017,4005,5,456.31,0.1,188.8,2053.4,1109.4
7068,2023-06-29,1036,2009,3012,4004,2,101.19,0.1,288.61,182.14,-395.08
6332,2023-06-29,1058,2009,3023,4002,7,90.64,0.2,269.29,507.58,-1377.45
5808,2023-06-30,1078,2043,3006,4004,14,199.7,0.15,146.6,2376.43,324.03
5614,2023-06-30,1079,2038,3013,4001,18,208.85,0.2,289.24,3007.44,-2198.88
6757,2023-07-01,1064,2012,3013,4001,5,268.42,0.0,287.0,1342.1,-92.9
5462,2023-07-01,1043,2023,3011,4001,7,148.68,0.15,117.21,884.65,64.18
5502,2023-07-02,1090,2014,3017,4004,6,252.91,0.1,165.09,1365.71,375.17
5166,2023-07-02,1037,2039,3003,4004,4,136.3,0.05,23.76,517.94,422.9
5905,2023-07-03,1092,2037,3022,4005,14,168.3,0.15,113.17,2002.77,418.39
5465,2023-07-03,1055,2025,3007,4003,5,254.89,0.2,148.5,1019.56,277.06
6246,2023-07-04,1062,2047,3004,4001,2,478.62,0.0,113.02,957.24,731.2
6609,2023-07-04,1092,2021,3022,4004,17,367.53,0.15,36.14,5310.81,4696.43
7119,2023-07-04,1016,2003,3016,4002,12,475.33,0.2,181.41,4563.17,2386.25
6886,2023-07-04,1021,2036,3022,4005,19,407.55,0.0,212.04,7743.45,3714.69
6616,2023-07-05,1080,2012,3002,4002,16,74.85,0.0,95.15,1197.6,-324.8
6909,2023-07-05,1048,2047,3019,4001,6,306.28,0.05,139.94,1745.8,906.16
6052,2023-07-05,1054,2034,3003,4001,7,275.63,0.0,163.98,1929.41,781.55
7074,2023-07-06,1041,2032,3014,4005,18,392.61,0.05,78.93,6713.63,5292.89
5834,2023-07-06,1052,2004,3019,4001,13,94.88,0.15,133.99,1048.42,-693.45
7266,2023-07-06,1009,2042,3004,4005,14,146.97,0.0,109.51,2057.58,524.44
5719,2023-07-06,1078,2015,3003,4004,18,289.36,0.15,110.32,4427.21,2441.45
5280,2023-07-07,1058,2022,3011,4003,14,330.69,0.0,45.05,4629.66,3998.96
5928,2023-07-08,1093,2041,3025,4003,5,257.14,0.15,172.96,1092.84,228.04
5891,2023-07-09,1030,2024,3017,4002,12,315.1,0.2,209.61,3024.96,509.64
7186,2023-07-10,1080,2040,3017,4004,14,126.41,0.15,60.37,1504.28,659.1
5332,2023-07-10,1017,2041,3004,4005,11,398.51,0.05,184.83,4164.43,2131.3
7032,2023-07-11,1048,2025,3022,4004,7,444.29,0.1,127.56,2799.03,1906.11
7107,2023-07-11,1058,2047,3004,4002,15,259.19,0.0,92.25,3887.85,2504.1
6089,2023-07-12,1001,2008,3013,4002,11,267.82,0.1,91.34,2651.42,1646.68
6806,2023-07-12,1023,2041,3001,4004,3,354.09,0.2,218.75,849.82,193.57
6165,2023-07-13,1099,2021,3022,4001,5,214.26,0.05,142.46,1017.73,305.43
5314,2023-07-14,1076,2044,3019,4001,6,227.97,0.2,235.14,1094.26,-316.58
5275,2023-07-14,1025,2010,3001,4004,18,100.51,0.2,276.39,1447.34,-3527.68
5517,2023-07-14,1001,2007,3015,4003,9,371.34,0.1,162.74,3007.85,1543.19
5255,2023-07-14,1074,2028,3009,4001,1,357.66,0.1,187.91,321.89,133.98
7373,2023-07-14,1044,2011,3008,4004,18,355.93,0.2,266.32,5125.39,331.63
6432,2023-07-14,1036,2023,3025,4005,7,389.79,0.2,79.07,2182.82,1629.33
6310,2023-07-14,1088,2023,3012,4002,5,272.36,0.2,285.31,1089.44,-337.11
5847,2023-07-15,1091,2037,3017,4004,14,456.7,0.0,235.97,6393.8,3090.22
7093,2023-07-15,1086,2043,3006,4002,11,348.95,0.05,124.39,3646.53,2278.24
6137,2023-07-15,1016,2001,3004,4003,14,113.93,0.0,184.62,1595.02,-989.66
5061,2023-07-16,1022,2020,3011,4005,12,183.4,0.1,119.44,1980.72,547.44
5548,2023-07-16,1057,2029,3019,4005,10,395.81,0.2,105.24,3166.48,2114.08
5892,2023-07-16,1029,2035,3016,4004,3,374.37,0.2,215.39,898.49,252.32
5274,2023-07-16,1063,2002,3012,4002,11,97.68,0.2,138.81,859.58,-667.33
6890,2023-07-16,1089,2036,3018,4005,2,191.53,0.0,226.0,383.06,-68.94
5486,2023-07-17,1005,2027,3001,4001,5,247.39,0.05,262.11,1175.1,-135.45
5886,2023-07-17,1051,2011,3003,4002,2,122.64,0.05,196.7,233.02,-160.38
6928,2023-07-18,1070,2023,3001,4002,12,355.5,0.05,60.12,4052.7,3331.26
6742,2023-07-18,1014,2002,3019,4002,5,468.1,0.2,102.26,1872.4,1361.1
5901,2023-07-18,1001,2040,3001,4005,1,167.54,0.05,123.41,159.16,35.75
7413,2023-07-19,1008,2046,3019,4003,18,463.01,0.1,77.6,7500.76,6103.96
5601,2023-07-19,1006,2012,3010,4003,5,382.46,0.0,195.93,1912.3,932.65
7285,2023-07-21,1050,2002,3014,4002,18,473.14,0.15,152.35,7239.04,4496.74
5527,2023-07-21,1028,2030,3017,4003,2,261.34,0.15,139.1,444.28,166.08
6000,2023-07-22,1081,2019,3017,4002,6,142.33,0.1,46.79,768.58,487.84
6751,2023-07-22,1020,2019,3018,4005,3,231.61,0.05,191.84,660.09,84.57
6282,2023-07-23,1003,2027,3005,4001,17,471.7,0.2,43.32,6415.12,5678.68
5774,2023-07-23,1026,2044,3013,4002,11,335.41,0.0,129.4,3689.51,2266.11
5589,2023-07-23,1062,2022,3015,4005,9,281.31,0.1,83.44,2278.61,1527.65
5174,2023-07-23,1017,2046,3023,4003,13,184.09,0.05,215.03,2273.51,-521.88
5023,2023-07-23,1068,2004,3015,4002,9,222.78,0.15,46.58,1704.27,1285.05
7435,2023-07-23,1032,2011,3008,4004,17,493.78,0.1,104.61,7554.83,5776.46
7082,2023-07-24,1044,2021,3017,4002,14,204.04,0.05,146.46,2713.73,663.29
7201,2023-07-24,1082,2045,3011,4004,5,136.34,0.05,86.67,647.62,214.27
5745,2023-07-24,1068,2040,3011,4003,14,280.59,0.15,107.35,3339.02,1836.12
6940,2023-07-24,1015,2050,3010,4002,17,351.84,0.2,50.69,4785.02,3923.29
5478,2023-07-24,1027,2035,3012,4004,2,418.94,0.05,178.2,795.99,439.59
5210,2023-07-25,1058,2004,3008,4002,17,81.89,0.0,270.38,1392.13,-3204.33
6333,2023-07-25,1067,2005,3017,4003,16,303.19,0.2,152.09,3880.83,1447.39
7230,2023-07-25,1060,2015,3013,4005,14,278.5,0.05,52.43,3704.05,2970.03
7080,2023-07-26,1060,2017,3010,4005,9,139.88,0.15,97.39,1070.08,193.57
7341,2023-07-28,1013,2046,3022,4005,1,279.15,0.1,54.0,251.24,197.24
5408,2023-07-28,1050,2044,3022,4003,19,96.97,0.0,98.4,1842.43,-27.17
6097,2023-07-28,1003,2024,3016,4001,19,107.58,0.05,24.74,1941.82,1471.76
5354,2023-07-29,1018,2027,3009,4002,19,314.07,0.2,197.07,4773.86,1029.53
6675,2023-07-29,1004,2047,3005,4001,10,218.54,0.2,122.21,1748.32,526.22
6447,2023-07-30,1026,2008,3022,4005,18,429.99,0.0,182.94,7739.82,4446.9
5674,2023-07-31,1034,2001,3015,4002,13,299.66,0.2,167.47,3116.46,939.35
5967,2023-08-01,1019,2049,3016,4004,13,280.91,0.1,287.18,3286.65,-446.69
6450,2023-08-01,1098,2008,3018,4002,3,470.55,0.05,50.4,1341.07,1189.87
5079,2023-08-03,1016,2007,3022,4002,9,430.84,0.0,270.51,3877.56,1442.97
5562,2023-08-04,1100,2037,3024,4004,13,392.4,0.0,206.93,5101.2,2411.11
5406,2023-08-04,1054,2006,3017,4004,5,160.82,0.05,51.91,763.89,504.34
5450,2023-08-04,1056,2034,3023,4004,14,303.21,0.1,28.52,3820.45,3421.17
7315,2023-08-04,1053,2004,3009,4003,18,358.63,0.1,126.92,5809.81,3525.25
5969,2023-08-05,1029,2032,3024,4004,16,132.95,0.0,252.23,2127.2,-1908.48
6677,2023-08-05,1020,2039,3013,4002,5,224.28,0.05,168.26,1065.33,224.03
5207,2023-08-05,1039,2018,3013,4005,14,389.27,0.0,252.84,5449.78,1910.02
5108,2023-08-05,1091,2045,3016,4005,13,215.53,0.15,151.25,2381.61,415.36
5724,2023-08-05,1070,2041,3012,4002,8,452.06,0.1,132.04,3254.83,2198.51
5111,2023-08-06,1012,2049,3012,4001,19,412.26,0.0,212.53,7832.94,3794.87
6583,2023-08-06,1033,2024,3021,4002,13,372.26,0.15,203.07,4113.47,1473.56
5836,2023-08-06,1026,2027,3003,4002,10,113.35,0.0,169.33,1133.5,-559.8
6437,2023-08-06,1029,2004,3006,4005,12,263.84,0.1,92.12,2849.47,1744.03
5374,2023-08-07,1092,2009,3003,4005,14,149.51,0.05,221.37,1988.48,-1110.7
5298,2023-08-07,1049,2040,3008,4005,9,468.06,0.2,61.79,3370.03,2813.92
5572,2023-08-07,1026,2024,3014,4005,11,497.82,0.05,38.24,5202.22,4781.58
5665,2023-08-08,1095,2039,3018,4003,2,178.73,0.2,248.06,285.97,-210.15
7196,2023-08-08,1002,2040,3017,4002,6,253.65,0.2,181.21,1217.52,130.26
6887,2023-08-08,1019,2019,3003,4001,4,68.01,0.1,210.67,244.84,-597.84
5246,2023-08-08,1004,2050,3020,4003,17,331.81,0.1,280.6,5076.69,306.49
7387,2023-08-09,1005,2036,3012,4003,17,201.27,0.05,33.01,3250.51,2689.34
6655,2023-08-09,1028,2048,3005,4005,1,477.29,0.15,255.77,405.7,149.93
6996,2023-08-09,1009,2024,3006,4003,12,225.33,0.05,232.19,2568.76,-217.52
6536,2023-08-09,1002,2022,3013,4004,14,399.72,0.15,70.62,4756.67,3767.99
5039,2023-08-09,1092,2048,3007,4002,10,271.63,0.0,23.82,2716.3,2478.1
6627,2023-08-09,1082,2025,3006,4001,1,213.53,0.1,83.75,192.18,108.43
5893,2023-08-10,1049,2013,3002,4002,11,158.54,0.0,170.06,1743.94,-126.72
6452,2023-08-10,1004,2032,3010,4004,12,292.47,0.15,105.44,2983.19,1717.91
5316,2023-08-11,1028,2042,3006,4001,16,324.68,0.15,134.52,4415.65,2263.33
6418,2023-08-11,1012,2044,3013,4005,13,456.25,0.0,249.41,5931.25,2688.92
5017,2023-08-12,1060,2008,3010,4005,19,289.45,0.05,65.82,5224.57,3973.99
5755,2023-08-12,1047,2026,3022,4003,14,314.64,0.2,276.15,3523.97,-342.13
6308,2023-08-13,1059,2008,3005,4004,17,249.12,0.15,122.56,3599.78,1516.26
5613,2023-08-13,1066,2023,3011,4003,18,213.98,0.15,105.87,3273.89,1368.23
5098,2023-08-13,1096,2022,3025,4005,6,277.32,0.1,53.97,1497.53,1173.71
5693,2023-08-13,1005,2046,3003,4001,5,423.92,0.15,191.65,1801.66,843.41
5129,2023-08-13,1012,2047,3009,4001,17,223.92,0.05,59.14,3616.31,2610.93
5028,2023-08-14,1099,2034,3021,4001,5,254.34,0.1,79.62,1144.53,746.43
5230,2023-08-14,1009,2037,3013,4001,7,183.36,0.05,230.95,1219.34,-397.31
5691,2023-08-14,1085,2025,3025,4001,10,372.99,0.05,190.94,3543.4,1634.0
6670,2023-08-14,1058,2015,3014,4004,17,186.85,0.15,251.27,2699.98,-1571.61
5863,2023-08-15,1029,2048,3012,4001,9,276.61,0.05,238.21,2365.02,221.13
6379,2023-08-15,1077,2011,3025,4001,7,288.4,0.1,150.44,1816.92,763.84
6733,2023-08-15,1056,2016,3023,4003,10,61.61,0.2,74.37,492.88,-250.82
6490,2023-08-15,1035,2013,3020,4002,14,414.26,0.2,169.94,4639.71,2260.55
5477,2023-08-16,1067,2009,3025,4005,18,190.86,0.2,222.72,2748.38,-1260.58
6962,2023-08-16,1004,2046,3010,4004,3,143.94,0.05,232.72,410.23,-287.93
5483,2023-08-17,1051,2006,3005,4001,1,222.4,0.2,247.71,177.92,-69.79
5006,2023-08-17,1062,2029,3015,4001,14,473.9,0.05,246.14,6302.87,2856.91
5738,2023-08-18,1029,2027,3007,4003,4,347.6,0.15,235.61,1181.84,239.4
6587,2023-08-18,1066,2034,3019,4004,14,418.7,0.05,258.1,5568.71,1955.31
7228,2023-08-18,1068,2031,3012,4004,11,258.98,0.05,236.16,2706.34,108.58
6975,2023-08-18,1056,2018,3010,4002,6,375.71,0.15,258.66,1916.12,364.16
6118,2023-08-19,1008,2049,3011,4002,10,62.88,0.1,114.8,565.92,-582.08
5222,2023-08-19,1074,2015,3025,4002,5,429.89,0.1,79.05,1934.5,1539.25
5588,2023-08-19,1062,2029,3024,4002,9,169.05,0.15,86.84,1293.23,511.67
6004,2023-08-19,1040,2049,3012,4004,1,333.21,0.15,258.7,283.23,24.53
7279,2023-08-19,1017,2044,3006,4002,2,124.49,0.05,21.23,236.53,194.07
6891,2023-08-20,1033,2009,3017,4003,1,365.08,0.0,95.6,365.08,269.48
6595,2023-08-20,1075,2049,3004,4003,10,208.05,0.1,26.06,1872.45,1611.85
6349,2023-08-20,1059,2025,3010,4003,3,387.49,0.0,281.27,1162.47,318.66
5953,2023-08-20,1054,2018,3005,4003,8,455.63,0.05,67.81,3462.79,2920.31
5903,2023-08-21,1047,2024,3024,4002,5,193.83,0.05,150.02,920.69,170.59
6221,2023-08-21,1018,2045,3002,4002,14,195.62,0.05,54.84,2601.75,1833.99
5066,2023-08-22,1016,2037,3007,4002,18,284.85,0.05,43.73,4870.93,4083.79
6539,2023-08-22,1011,2041,3024,4003,6,253.2,0.15,207.31,1291.32,47.46
7487,2023-08-22,1029,2008,3010,4002,16,397.47,0.15,213.0,5405.59,1997.59
5482,2023-08-22,1061,2033,3008,4004,13,184.12,0.1,247.34,2154.2,-1061.22
5236,2023-08-23,1037,2026,3021,4002,13,97.02,0.0,132.54,1261.26,-461.76
6037,2023-08-23,1040,2035,3001,4002,10,263.99,0.2,222.65,2111.92,-114.58
5102,2023-08-23,1016,2030,3024,4005,6,379.3,0.2,131.2,1820.64,1033.44
6305,2023-08-24,1025,2009,3018,4003,17,104.71,0.05,105.18,1691.07,-96.99
5228,2023-08-24,1040,2044,3017,4005,4,180.79,0.0,271.63,723.16,-363.36
6691,2023-08-24,1006,2048,3023,4001,16,79.78,0.05,267.23,1212.66,-3063.02
5660,2023-08-25,1015,2017,3009,4005,13,52.26,0.0,184.11,679.38,-1714.05
5884,2023-08-25,1094,2021,3003,4003,18,152.15,0.0,258.82,2738.7,-1920.06
6258,2023-08-26,1054,2010,3002,4002,10,460.15,0.15,227.51,3911.28,1636.18
5987,2023-08-26,1009,2010,3007,4002,3,58.36,0.15,95.29,148.82,-137.05
5069,2023-08-27,1057,2040,3013,4001,7,373.76,0.15,90.23,2223.87,1592.26
6453,2023-08-27,1081,2036,3023,4001,7,250.75,0.1,286.42,1579.72,-425.22
5018,2023-08-27,1097,2001,3017,4002,13,169.87,0.05,263.93,2097.89,-1333.2
6372,2023-08-28,1030,2050,3013,4004,18,455.83,0.2,132.04,6563.95,4187.23
5995,2023-08-28,1074,2035,3014,4001,19,284.57,0.1,281.14,4866.15,-475.51
6170,2023-08-28,1037,2033,3018,4001,5,272.08,0.0,151.01,1360.4,605.35
6923,2023-08-28,1100,2020,3022,4001,10,251.57,0.1,89.73,2264.13,1366.83
6217,2023-08-29,1045,2036,3001,4002,19,320.46,0.05,122.72,5784.3,3452.62
6396,2023-08-29,1083,2046,3008,4005,9,143.77,0.15,270.43,1099.84,-1334.03
5585,2023-08-29,1004,2041,3003,4003,16,163.78,0.05,60.84,2489.46,1516.02
5337,2023-08-29,1092,2009,3014,4004,6,206.59,0.0,133.68,1239.54,437.46
5652,2023-08-29,1002,2042,3020,4005,2,302.24,0.0,166.49,604.48,271.5
7160,2023-08-30,1062,2032,3018,4003,5,378.06,0.2,160.8,1512.24,708.24
6421,2023-08-30,1010,2016,3018,4002,18,427.17,0.15,219.22,6535.7,2589.74
6747,2023-08-30,1076,2014,3022,4005,9,150.54,0.2,227.43,1083.89,-962.98
6971,2023-08-30,1013,2028,3003,4002,14,320.1,0.1,168.53,4033.26,1673.84
5460,2023-08-31,1066,2001,3008,4005,19,385.07,0.1,108.25,6584.7,4527.95
5293,2023-08-31,1019,2026,3006,4001,15,480.21,0.05,94.33,6842.99,5428.04
6286,2023-08-31,1089,2041,3009,4003,3,54.05,0.0,178.31,162.15,-372.78
7232,2023-08-31,1032,2025,3015,4002,12,468.69,0.1,109.47,5061.85,3748.21
5242,2023-09-01,1017,2021,3019,4005,13,372.23,0.15,29.79,4113.14,3725.87
6470,2023-09-01,1081,2036,3014,4001,18,397.31,0.0,40.56,7151.58,6421.5
7004,2023-09-01,1049,2050,3017,4003,3,222.7,0.1,34.27,601.29,498.48
6918,2023-09-01,1098,2017,3009,4003,2,335.4,0.0,230.71,670.8,209.38
6925,2023-09-02,1043,2040,3023,4001,8,399.04,0.05,246.59,3032.7,1059.98
5357,2023-09-02,1011,2040,3024,4003,19,360.82,0.1,111.27,6170.02,4055.89
7008,2023-09-02,1068,2021,3019,4005,6,69.79,0.2,80.83,334.99,-149.99
5749,2023-09-02,1005,2012,3004,4005,19,124.79,0.2,268.95,1896.81,-3213.24
5646,2023-09-02,1023,2020,3022,4005,18,487.8,0.0,235.49,8780.4,4541.58
6167,2023-09-02,1045,2043,3023,4001,4,276.45,0.2,285.06,884.64,-255.6
5974,2023-09-03,1047,2005,3020,4005,5,377.42,0.15,104.7,1604.04,1080.54
5188,2023-09-03,1009,2028,3021,4003,9,377.14,0.0,84.63,3394.26,2632.59
6109,2023-09-03,1074,2034,3012,4003,4,369.17,0.0,146.56,1476.68,890.44
7386,2023-09-04,1017,2032,3010,4001,2,454.89,0.1,243.63,818.8,331.54
7056,2023-09-04,1075,2022,3016,4003,12,186.18,0.2,199.97,1787.33,-612.31
5853,2023-09-04,1051,2004,3011,4001,10,287.05,0.15,115.79,2439.92,1282.02
6254,2023-09-04,1072,2022,3009,4002,16,285.8,0.0,176.47,4572.8,1749.28
7029,2023-09-04,1021,2027,3015,4002,13,134.04,0.05,147.91,1655.39,-267.44
5190,2023-09-04,1028,2035,3007,4001,14,53.65,0.0,58.98,751.1,-74.62
7022,2023-09-05,1055,2019,3018,4002,8,474.25,0.05,206.69,3604.3,1950.78
5849,2023-09-05,1091,2037,3016,4005,1,286.22,0.05,71.48,271.91,200.43
7355,2023-09-05,1021,2027,3011,4005,10,236.33,0.1,94.17,2126.97,1185.27
5252,2023-09-06,1054,2017,3001,4001,12,442.07,0.15,270.79,4509.11,1259.63
7498,2023-09-06,1077,2017,3025,4002,3,205.51,0.05,245.28,585.7,-150.14
5779,2023-09-06,1011,2028,3020,4001,4,441.68,0.2,229.6,1413.38,494.98
5866,2023-09-07,1026,2005,3011,4004,15,413.32,0.1,70.62,5579.82,4520.52
5606,2023-09-07,1004,2002,3006,4001,1,422.72,0.2,124.04,338.18,214.14
6444,2023-09-07,1075,2016,3005,4002,19,355.73,0.1,64.51,6082.98,4857.29
6132,2023-09-07,1026,2005,3015,4005,11,237.67,0.15,74.92,2222.21,1398.09
6724,2023-09-07,1017,2027,3019,4004,13,442.83,0.2,115.41,4605.43,3105.1
5824,2023-09-07,1054,2004,3022,4005,1,352.51,0.0,119.02,352.51,233.49
5090,2023-09-08,1069,2030,3003,4005,19,456.01,0.15,22.59,7364.56,6935.35
7328,2023-09-08,1026,2037,3012,4004,12,106.75,0.15,234.04,1088.85,-1719.63
5380,2023-09-08,1053,2045,3015,4002,11,411.89,0.15,225.83,3851.17,1367.04
5593,2023-09-08,1055,2020,3013,4005,8,236.63,0.2,237.27,1514.43,-383.73
6241,2023-09-08,1056,2035,3025,4005,4,227.42,0.1,265.71,818.71,-244.13
5005,2023-09-08,1063,2023,3013,4002,4,459.01,0.05,297.33,1744.24,554.92
5820,2023-09-09,1087,2012,3020,4004,18,118.47,0.2,187.49,1705.97,-1668.85
5120,2023-09-10,1067,2017,3013,4005,17,474.04,0.0,163.39,8058.68,5281.05
5341,2023-09-10,1035,2046,3010,4005,16,115.53,0.0,164.01,1848.48,-775.68
5640,2023-09-11,1003,2038,3004,4001,3,233.06,0.05,241.23,664.22,-59.47
5744,2023-09-11,1033,2030,3013,4003,14,248.07,0.1,115.33,3125.68,1511.06
7360,2023-09-11,1059,2027,3011,4004,6,168.53,0.1,89.41,910.06,373.6
5221,2023-09-11,1009,2024,3017,4005,13,178.43,0.15,46.18,1971.65,1371.31
6821,2023-09-11,1065,2035,3017,4003,3,117.22,0.2,33.59,281.33,180.56
5469,2023-09-12,1016,2021,3009,4003,14,229.17,0.05,137.62,3047.96,1121.28
7368,2023-09-12,1088,2015,3015,4003,13,179.0,0.1,284.93,2094.3,-1609.79
5946,2023-09-12,1088,2015,3020,4005,9,158.1,0.15,174.85,1209.46,-364.19
5273,2023-09-12,1062,2048,3008,4004,3,175.97,0.05,261.36,501.51,-282.57
5283,2023-09-13,1032,2047,3017,4004,1,94.88,0.0,241.32,94.88,-146.44
7183,2023-09-13,1078,2011,3014,4002,15,495.45,0.05,74.83,7060.16,5937.71
5452,2023-09-13,1074,2035,3024,4001,14,138.01,0.1,248.59,1738.93,-1741.33
5620,2023-09-13,1044,2012,3012,4003,16,406.24,0.2,71.21,5199.87,4060.51
6462,2023-09-14,1002,2050,3025,4004,8,160.38,0.05,163.88,1218.89,-92.15
6034,2023-09-14,1031,2031,3025,4001,15,173.56,0.05,236.13,2473.23,-1068.72
6279,2023-09-14,1062,2040,3010,4004,2,72.25,0.05,159.91,137.28,-182.54
7284,2023-09-14,1038,2026,3009,4005,7,267.14,0.1,82.18,1682.98,1107.72
6312,2023-09-14,1038,2008,3004,4002,17,294.89,0.2,277.28,4010.5,-703.26
6943,2023-09-14,1013,2011,3004,4004,8,438.08,0.05,214.57,3329.41,1612.85
5883,2023-09-15,1013,2044,3013,4003,11,390.78,0.05,235.02,4083.65,1498.43
5414,2023-09-15,1094,2009,3014,4001,10,135.71,0.15,106.48,1153.54,88.74
5148,2023-09-15,1036,2019,3017,4005,7,140.74,0.15,148.82,837.4,-204.34
5930,2023-09-16,1065,2012,3016,4002,10,56.51,0.2,171.87,452.08,-1266.62
6078,2023-09-16,1099,2019,3019,4005,13,423.02,0.1,224.56,4949.33,2030.05
5731,2023-09-16,1064,2018,3013,4004,15,262.76,0.1,152.5,3547.26,1259.76
6848,2023-09-16,1062,2003,3023,4003,16,411.03,0.1,146.89,5918.83,3568.59
7090,2023-09-17,1044,2033,3022,4005,8,55.04,0.15,34.96,374.27,94.59
7051,2023-09-17,1018,2009,3021,4003,11,61.19,0.15,83.41,572.13,-345.38
5518,2023-09-18,1008,2014,3022,4005,3,381.17,0.05,69.13,1086.33,878.94
6261,2023-09-18,1057,2003,3004,4003,5,240.78,0.0,297.33,1203.9,-282.75
6679,2023-09-19,1024,2034,3024,4003,16,281.14,0.15,194.39,3823.5,713.26
6263,2023-09-19,1041,2038,3021,4002,15,409.32,0.2,233.02,4911.84,1416.54
6550,2023-09-19,1038,2007,3009,4005,5,340.94,0.15,190.33,1449.0,497.35
6750,2023-09-20,1005,2016,3008,4002,14,436.44,0.15,237.29,5193.64,1871.58
6995,2023-09-20,1026,2043,3019,4005,14,152.22,0.15,25.52,1811.42,1454.14
5758,2023-09-20,1052,2049,3005,4001,16,297.49,0.05,79.6,4521.85,3248.25
6341,2023-09-21,1006,2022,3021,4003,12,478.88,0.0,45.78,5746.56,5197.2
5838,2023-09-22,1035,2043,3021,4003,6,301.16,0.0,31.65,1806.96,1617.06
5639,2023-09-23,1077,2013,3017,4005,3,101.93,0.05,286.58,290.5,-569.24
7193,2023-09-24,1035,2006,3009,4002,16,195.27,0.0,254.17,3124.32,-942.4
5721,2023-09-24,1051,2039,3016,4005,11,250.26,0.0,60.76,2752.86,2084.5
5353,2023-09-25,1065,2003,3012,4004,13,363.69,0.1,60.91,4255.17,3463.34
5501,2023-09-25,1078,2024,3017,4002,5,51.18,0.05,143.62,243.1,-475.0
6365,2023-09-26,1058,2047,3019,4005,5,333.5,0.2,246.1,1334.0,103.5
5425,2023-09-26,1038,2021,3011,4002,19,121.21,0.1,204.8,2072.69,-1818.51
7192,2023-09-26,1021,2022,3024,4004,1,359.59,0.15,49.33,305.65,256.32
5123,2023-09-27,1040,2020,3008,4002,13,201.97,0.1,139.36,2363.05,551.37
5164,2023-09-27,1062,2004,3021,4004,6,311.61,0.05,277.31,1776.18,112.32
6358,2023-09-28,1063,2047,3003,4004,3,153.97,0.1,130.02,415.72,25.66
7404,2023-09-28,1096,2010,3013,4002,11,223.57,0.2,167.88,1967.42,120.74
5970,2023-09-28,1060,2008,3025,4005,15,79.18,0.2,73.42,950.16,-151.14
5411,2023-09-28,1054,2047,3020,4004,17,359.55,0.1,141.39,5501.12,3097.49
5048,2023-09-28,1001,2014,3015,4005,3,186.87,0.1,73.4,504.55,284.35
5398,2023-09-28,1032,2026,3001,4003,18,69.76,0.2,28.83,1004.54,485.6
5996,2023-09-28,1030,2030,3007,4003,16,127.44,0.2,270.47,1631.23,-2696.29
5305,2023-09-29,1016,2041,3017,4004,4,295.04,0.2,204.07,944.13,127.85
7313,2023-09-29,1090,2015,3002,4004,15,369.2,0.05,230.09,5261.1,1809.75
5358,2023-09-29,1085,2038,3012,4001,13,290.31,0.2,177.63,3019.22,710.03
6199,2023-09-29,1039,2044,3006,4004,10,487.84,0.15,226.83,4146.64,1878.34
5203,2023-09-29,1053,2045,3004,4002,4,139.47,0.0,176.23,557.88,-147.04
5118,2023-09-29,1043,2045,3023,4002,4,242.93,0.0,226.5,971.72,65.72
5504,2023-09-29,1027,2038,3013,4004,1,299.71,0.05,171.04,284.72,113.68
5376,2023-09-29,1069,2011,3005,4002,16,296.43,0.0,292.89,4742.88,56.64
7483,2023-09-29,1029,2002,3025,4001,4,197.98,0.1,298.65,712.73,-481.87
6475,2023-09-29,1047,2043,3009,4002,18,264.17,0.0,249.07,4755.06,271.8
6007,2023-09-30,1073,2030,3013,4001,17,103.4,0.1,280.6,1582.02,-3188.18
7113,2023-10-01,1047,2043,3023,4003,13,210.28,0.05,244.71,2596.96,-584.27
5155,2023-10-01,1064,2037,3022,4003,5,284.04,0.2,164.49,1136.16,313.71
5470,2023-10-01,1008,2035,3007,4003,1,310.99,0.05,37.12,295.44,258.32
6146,2023-10-01,1079,2018,3005,4003,1,360.15,0.15,136.11,306.13,170.02
5081,2023-10-01,1090,2029,3023,4004,3,324.93,0.2,290.45,779.83,-91.52
6607,2023-10-01,1072,2039,3025,4005,7,103.09,0.05,293.34,685.55,-1367.83
6098,2023-10-01,1044,2015,3019,4003,4,499.06,0.05,166.19,1896.43,1231.67
7358,2023-10-01,1034,2043,3007,4001,4,244.41,0.0,39.55,977.64,819.44
5818,2023-10-02,1036,2034,3018,4002,7,53.7,0.2,111.59,300.72,-480.41
5106,2023-10-02,1092,2019,3013,4004,6,207.44,0.0,40.75,1244.64,1000.14
6043,2023-10-03,1045,2032,3015,4005,12,492.87,0.0,279.34,5914.44,2562.36
5094,2023-10-04,1095,2019,3017,4005,14,94.32,0.1,91.19,1188.43,-88.23
5811,2023-10-04,1086,2027,3015,4004,18,53.13,0.15,36.79,812.89,150.67
5881,2023-10-05,1001,2021,3011,4001,7,372.28,0.1,44.92,2345.36,2030.92
5403,2023-10-06,1039,2009,3021,4004,10,142.42,0.05,208.65,1352.99,-733.51
5653,2023-10-06,1084,2043,3022,4003,14,199.43,0.0,278.79,2792.02,-1111.04
6646,2023-10-06,1070,2034,3004,4004,8,218.73,0.0,146.35,1749.84,579.04
6023,2023-10-06,1038,2036,3013,4001,1,137.18,0.15,51.75,116.6,64.85
6339,2023-10-07,1077,2032,3005,4004,19,457.42,0.2,24.72,6952.78,6483.1
5694,2023-10-07,1083,2023,3020,4003,15,68.72,0.15,195.92,876.18,-2062.62
6654,2023-10-07,1003,2004,3023,4002,8,322.75,0.1,203.72,2323.8,694.04
7099,2023-10-07,1081,2036,3023,4005,13,60.4,0.15,39.19,667.42,157.95
6128,2023-10-07,1089,2050,3008,4003,5,362.3,0.15,131.83,1539.78,880.63
6956,2023-10-07,1036,2010,3022,4003,14,196.14,0.05,184.26,2608.66,29.02
6610,2023-10-07,1062,2020,3019,4001,19,309.8,0.15,282.43,5003.27,-362.9
5911,2023-10-08,1001,2017,3013,4003,2,96.14,0.05,73.41,182.67,35.85
7288,2023-10-09,1062,2026,3007,4001,10,404.13,0.1,126.39,3637.17,2373.27
6779,2023-10-09,1001,2039,3006,4004,11,184.95,0.0,288.97,2034.45,-1144.22
7141,2023-10-09,1032,2017,3010,4004,14,475.84,0.2,184.67,5329.41,2744.03
5647,2023-10-09,1010,2033,3024,4005,18,75.08,0.1,289.38,1216.3,-3992.54
6515,2023-10-09,1044,2018,3021,4004,15,355.45,0.2,125.22,4265.4,2387.1
5004,2023-10-09,1058,2019,3016,4002,8,312.36,0.0,287.16,2498.88,201.6
6297,2023-10-09,1067,2016,3007,4002,11,382.61,0.2,73.97,3366.97,2553.3
5843,2023-10-10,1038,2015,3010,4003,8,390.72,0.0,146.34,3125.76,1955.04
6142,2023-10-10,1085,2034,3012,4005,10,467.34,0.1,213.26,4206.06,2073.46
6431,2023-10-10,1076,2019,3014,4002,13,249.78,0.05,287.23,3084.78,-649.21
5642,2023-10-11,1006,2046,3017,4003,18,215.45,0.0,259.84,3878.1,-799.02
5895,2023-10-11,1093,2034,3020,4001,4,487.44,0.1,90.56,1754.78,1392.54
6458,2023-10-11,1029,2039,3015,4002,19,249.98,0.0,42.16,4749.62,3948.58
5419,2023-10-11,1079,2003,3021,4002,3,223.9,0.1,117.84,604.53,251.01
6051,2023-10-12,1002,2017,3014,4002,19,314.55,0.2,152.18,4781.16,1889.74
5729,2023-10-12,1072,2010,3010,4002,4,186.58,0.05,268.28,709.0,-364.12
5031,2023-10-12,1052,2010,3017,4003,6,58.5,0.15,89.69,298.35,-239.79
5072,2023-10-12,1092,2010,3022,4005,6,293.53,0.2,233.41,1408.94,8.48
5037,2023-10-12,1063,2002,3002,4001,14,364.39,0.1,71.51,4591.31,3590.17
5491,2023-10-13,1022,2036,3021,4002,7,153.92,0.1,97.6,969.7,286.5
5489,2023-10-13,1042,2038,3022,4005,13,242.11,0.2,34.44,2517.94,2070.22
7182,2023-10-13,1030,2003,3008,4001,12,417.89,0.0,81.96,5014.68,4031.16
5243,2023-10-13,1071,2012,3020,4002,1,195.44,0.1,235.38,175.9,-59.48
6593,2023-10-13,1044,2003,3003,4004,13,393.64,0.05,67.96,4861.45,3977.97
5822,2023-10-13,1001,2001,3011,4005,13,451.76,0.2,99.77,4698.3,3401.29
5281,2023-10-13,1044,2012,3007,4005,10,52.53,0.05,202.55,499.03,-1526.47
6414,2023-10-14,1068,2050,3005,4001,19,127.76,0.15,50.89,2063.32,1096.41
5840,2023-10-14,1025,2042,3021,4002,4,328.71,0.15,37.35,1117.61,968.21
7422,2023-10-14,1068,2049,3011,4004,17,268.5,0.15,290.08,3879.82,-1051.54
7392,2023-10-16,1100,2003,3002,4001,13,108.83,0.0,299.49,1414.79,-2478.58
5404,2023-10-16,1026,2038,3025,4001,8,381.75,0.1,224.19,2748.6,955.08
6934,2023-10-16,1047,2005,3024,4004,12,493.69,0.05,90.53,5628.07,4541.71
5899,2023-10-17,1019,2035,3010,4004,6,366.36,0.15,268.98,1868.44,254.56
6148,2023-10-17,1009,2013,3021,4002,15,419.5,0.1,137.57,5663.25,3599.7
6831,2023-10-17,1047,2027,3014,4001,9,323.83,0.2,48.54,2331.58,1894.72
5990,2023-10-17,1044,2016,3012,4002,19,468.18,0.1,34.73,8005.88,7346.01
6661,2023-10-18,1063,2049,3013,4001,9,67.41,0.05,23.75,576.36,362.61
7282,2023-10-18,1052,2016,3016,4001,7,230.41,0.0,28.2,1612.87,1415.47
6847,2023-10-18,1090,2022,3004,4001,4,344.58,0.15,63.16,1171.57,918.93
5578,2023-10-18,1070,2047,3008,4003,1,472.05,0.15,217.35,401.24,183.89
6953,2023-10-19,1035,2013,3013,4002,13,348.23,0.1,275.1,4074.29,497.99
5923,2023-10-19,1055,2039,3008,4004,7,320.33,0.15,240.36,1905.96,223.44
6921,2023-10-19,1079,2042,3022,4005,16,425.99,0.1,271.25,6134.26,1794.26
5382,2023-10-19,1053,2030,3012,4004,9,232.96,0.1,104.97,1886.98,942.25
7398,2023-10-20,1028,2025,3019,4005,4,412.54,0.05,85.54,1567.65,1225.49
7198,2023-10-20,1082,2015,3018,4002,4,239.54,0.0,238.02,958.16,6.08
5651,2023-10-20,1040,2049,3001,4002,17,85.34,0.0,232.94,1450.78,-2509.2
7094,2023-10-20,1070,2032,3019,4005,14,146.32,0.0,210.31,2048.48,-895.86
5307,2023-10-20,1057,2028,3019,4004,16,84.14,0.2,38.02,1076.99,468.67
5561,2023-10-21,1018,2020,3008,4003,5,335.32,0.0,213.02,1676.6,611.5
6791,2023-10-21,1043,2020,3022,4005,9,467.02,0.15,270.31,3572.7,1139.91
6304,2023-10-21,1040,2047,3011,4005,7,173.08,0.2,266.73,969.25,-897.86
6984,2023-10-21,1054,2037,3020,4005,9,338.04,0.0,141.1,3042.36,1772.46
6101,2023-10-22,1098,2004,3013,4003,10,458.62,0.15,106.22,3898.27,2836.07
6220,2023-10-22,1068,2045,3021,4004,18,428.2,0.0,76.3,7707.6,6334.2
6267,2023-10-22,1005,2029,3013,4003,8,412.67,0.0,206.97,3301.36,1645.6
6576,2023-10-22,1032,2004,3013,4001,4,276.08,0.2,81.19,883.46,558.7
6070,2023-10-23,1024,2039,3020,4003,19,266.11,0.0,121.73,5056.09,2743.22
6015,2023-10-23,1037,2015,3021,4003,19,355.53,0.0,37.35,6755.07,6045.42
5988,2023-10-23,1098,2042,3014,4003,10,449.89,0.2,35.69,3599.12,3242.22
7003,2023-10-23,1080,2038,3017,4001,3,61.16,0.2,278.19,146.78,-687.79
7416,2023-10-23,1066,2005,3017,4005,8,173.32,0.15,199.45,1178.58,-417.02
7324,2023-10-24,1063,2033,3020,4003,7,360.49,0.15,199.01,2144.92,751.85
5067,2023-10-24,1051,2038,3017,4004,11,348.67,0.0,227.65,3835.37,1331.22
6711,2023-10-24,1078,2014,3007,4004,6,97.87,0.15,186.74,499.14,-621.3
6680,2023-10-24,1050,2041,3013,4004,18,362.54,0.0,62.81,6525.72,5395.14
7218,2023-10-25,1006,2031,3009,4005,12,288.54,0.0,265.73,3462.48,273.72
7364,2023-10-25,1079,2045,3023,4004,6,389.47,0.1,254.34,2103.14,577.1
6125,2023-10-26,1072,2017,3010,4003,19,370.43,0.15,122.06,5982.44,3663.3
7024,2023-10-26,1047,2004,3017,4002,5,248.06,0.2,238.18,992.24,-198.66
5985,2023-10-26,1038,2043,3019,4003,12,333.68,0.1,172.24,3603.74,1536.86
5915,2023-10-27,1003,2027,3018,4003,16,59.23,0.05,96.5,900.3,-643.7
7121,2023-10-28,1017,2040,3003,4004,6,249.17,0.0,110.46,1495.02,832.26
7079,2023-10-28,1002,2045,3002,4002,17,445.87,0.2,158.31,6063.83,3372.56
6236,2023-10-28,1037,2040,3004,4001,11,391.8,0.1,254.02,3878.82,1084.6
5056,2023-10-28,1016,2019,3008,4003,9,278.12,0.1,179.26,2252.77,639.43
5159,2023-10-28,1036,2010,3025,4004,2,178.18,0.2,155.97,285.09,-26.85
5862,2023-10-29,1049,2032,3018,4001,5,388.47,0.05,137.3,1845.23,1158.73
6525,2023-10-29,1078,2026,3023,4001,19,213.87,0.15,246.24,3454.0,-1224.56
6329,2023-10-30,1096,2004,3014,4005,2,318.59,0.05,263.69,605.32,77.94
7127,2023-10-30,1016,2034,3009,4004,12,448.95,0.0,61.95,5387.4,4644.0
6291,2023-10-30,1011,2032,3001,4005,19,287.88,0.15,295.63,4649.26,-967.71
5545,2023-10-30,1028,2022,3012,4001,2,205.33,0.05,285.69,390.13,-181.25
6895,2023-10-30,1044,2032,3023,4001,1,172.65,0.15,172.97,146.75,-26.22
6343,2023-10-30,1019,2017,3007,4003,2,183.43,0.1,48.01,330.17,234.15
6293,2023-10-30,1067,2025,3021,4005,1,184.12,0.0,262.86,184.12,-78.74
5315,2023-10-31,1024,2033,3024,4001,11,195.05,0.05,100.87,2038.27,928.7
5902,2023-10-31,1078,2022,3013,4004,3,280.36,0.1,268.85,756.97,-49.58
7331,2023-11-01,1052,2021,3004,4005,2,457.81,0.05,194.93,869.84,479.98
5958,2023-11-01,1048,2007,3012,4004,14,226.25,0.0,264.31,3167.5,-532.84
6149,2023-11-02,1048,2019,3024,4001,19,245.98,0.15,74.39,3972.58,2559.17
5170,2023-11-02,1023,2024,3016,4002,7,161.01,0.0,255.16,1127.07,-659.05
5685,2023-11-02,1072,2045,3014,4005,17,372.67,0.15,31.34,5385.08,4852.3
5394,2023-11-03,1077,2004,3023,4001,13,229.33,0.05,110.57,2832.23,1394.82
6231,2023-11-03,1049,2006,3009,4001,9,179.22,0.1,239.5,1451.68,-703.82
7459,2023-11-03,1051,2046,3022,4004,5,401.79,0.1,259.72,1808.06,509.46
6275,2023-11-03,1061,2028,3005,4004,11,163.18,0.1,69.78,1615.48,847.9
7468,2023-11-03,1018,2012,3024,4005,3,457.47,0.0,200.79,1372.41,770.04
7219,2023-11-04,1025,2043,3014,4002,4,424.1,0.0,142.09,1696.4,1128.04
5537,2023-11-04,1003,2041,3018,4004,11,433.35,0.0,62.47,4766.85,4079.68
5363,2023-11-04,1059,2037,3025,4004,18,273.28,0.1,72.34,4427.14,3125.02
6676,2023-11-05,1092,2023,3010,4002,7,86.35,0.0,244.62,604.45,-1107.89
6495,2023-11-05,1018,2027,3003,4002,17,132.97,0.0,261.0,2260.49,-2176.51
7005,2023-11-05,1026,2001,3024,4003,5,113.7,0.05,154.21,540.07,-230.98
5556,2023-11-05,1084,2050,3020,4005,19,116.1,0.0,156.92,2205.9,-775.58
5782,2023-11-05,1006,2041,3006,4005,9,182.03,0.0,166.75,1638.27,137.52
5387,2023-11-06,1017,2038,3002,4002,11,382.55,0.05,248.76,3997.65,1261.29
6281,2023-11-06,1088,2012,3010,4002,9,54.48,0.1,177.55,441.29,-1156.66
7326,2023-11-06,1052,2008,3003,4005,2,87.66,0.1,62.48,157.79,32.83
5906,2023-11-06,1094,2039,3010,4005,9,66.09,0.2,97.47,475.85,-401.38
6385,2023-11-06,1013,2015,3009,4002,10,399.55,0.05,39.58,3795.72,3399.92
7291,2023-11-07,1027,2032,3013,4002,16,74.0,0.2,129.6,947.2,-1126.4
6778,2023-11-07,1029,2047,3011,4004,13,210.6,0.05,259.75,2600.91,-775.84
6392,2023-11-08,1064,2022,3010,4003,14,324.31,0.05,22.38,4313.32,4000.0
5944,2023-11-08,1035,2024,3012,4001,18,226.12,0.0,170.77,4070.16,996.3
6020,2023-11-08,1042,2005,3022,4005,18,295.52,0.05,186.23,5053.39,1701.25
7274,2023-11-08,1016,2002,3022,4003,19,423.0,0.2,22.13,6429.6,6009.13
5560,2023-11-08,1067,2048,3012,4002,17,146.55,0.05,198.23,2366.78,-1003.13
5961,2023-11-09,1074,2048,3006,4002,4,238.3,0.05,220.68,905.54,22.82
5481,2023-11-09,1050,2018,3022,4001,13,178.49,0.0,234.68,2320.37,-730.47
7128,2023-11-10,1030,2013,3009,4004,7,378.4,0.1,144.36,2383.92,1373.4
5867,2023-11-10,1028,2037,3001,4002,12,336.02,0.1,185.48,3629.02,1403.26
5882,2023-11-10,1096,2046,3011,4004,11,237.54,0.1,96.09,2351.65,1294.66
6012,2023-11-11,1029,2025,3015,4001,1,191.78,0.05,209.49,182.19,-27.3
5187,2023-11-11,1076,2022,3009,4003,10,155.93,0.1,259.72,1403.37,-1193.83
7477,2023-11-12,1075,2013,3025,4001,5,276.14,0.15,196.89,1173.59,189.14
5446,2023-11-12,1005,2035,3011,4002,1,122.85,0.1,263.71,110.56,-153.15
6668,2023-11-12,1085,2002,3003,4004,6,176.4,0.05,271.39,1005.48,-622.86
7379,2023-11-12,1087,2022,3010,4002,1,337.8,0.15,200.73,287.13,86.4
6885,2023-11-13,1015,2009,3021,4003,18,478.76,0.05,239.5,8186.8,3875.8
6612,2023-11-13,1062,2022,3001,4001,9,365.14,0.05,215.77,3121.95,1180.02
6322,2023-11-13,1077,2034,3010,4003,5,81.95,0.1,199.67,368.78,-629.57
6926,2023-11-13,1048,2039,3006,4001,7,179.67,0.15,249.78,1069.04,-679.42
7245,2023-11-13,1093,2044,3010,4002,5,128.43,0.1,172.56,577.94,-284.86
5539,2023-11-13,1018,2004,3017,4005,7,169.42,0.1,140.85,1067.35,81.4
6785,2023-11-14,1051,2015,3024,4005,3,347.24,0.0,234.44,1041.72,338.4
5587,2023-11-14,1075,2026,3008,4004,9,56.73,0.2,77.24,408.46,-286.7
6867,2023-11-14,1019,2010,3002,4002,15,215.72,0.2,51.14,2588.64,1821.54
6858,2023-11-14,1048,2041,3020,4002,14,415.9,0.05,230.37,5531.47,2306.29
7085,2023-11-14,1021,2006,3006,4003,5,314.45,0.05,59.49,1493.64,1196.19
6731,2023-11-14,1040,2019,3025,4005,16,456.99,0.2,296.82,5849.47,1100.35
6112,2023-11-15,1047,2011,3014,4001,4,150.57,0.0,139.76,602.28,43.24
5765,2023-11-15,1047,2021,3020,4003,18,79.98,0.2,31.18,1151.71,590.47
5212,2023-11-16,1014,2033,3013,4004,15,168.98,0.0,294.49,2534.7,-1882.65
6578,2023-11-16,1002,2035,3014,4001,19,368.04,0.15,129.8,5943.85,3477.65
6634,2023-11-16,1019,2039,3025,4005,1,263.86,0.05,234.25,250.67,16.42
5769,2023-11-16,1002,2035,3004,4002,16,249.46,0.05,263.61,3791.79,-425.97
6548,2023-11-17,1082,2019,3020,4001,8,343.1,0.1,42.38,2470.32,2131.28
7372,2023-11-17,1032,2035,3021,4003,13,462.84,0.05,130.02,5716.07,4025.81
6703,2023-11-17,1026,2018,3020,4004,10,428.97,0.1,281.81,3860.73,1042.63
7345,2023-11-17,1041,2040,3022,4002,18,131.13,0.15,40.72,2006.29,1273.33
6546,2023-11-17,1094,2012,3018,4004,4,322.79,0.2,192.64,1032.93,262.37
5321,2023-11-18,1008,2025,3019,4002,3,450.87,0.2,195.52,1082.09,495.53
7180,2023-11-18,1030,2045,3013,4003,1,266.65,0.1,85.18,239.98,154.8
5510,2023-11-18,1094,2003,3013,4004,16,274.48,0.0,217.37,4391.68,913.76
5356,2023-11-18,1049,2043,3016,4003,9,82.52,0.15,53.81,631.28,146.99
5534,2023-11-18,1059,2041,3006,4002,16,337.02,0.0,276.48,5392.32,968.64
5110,2023-11-19,1024,2030,3019,4004,12,94.97,0.15,58.33,968.69,268.73
6077,2023-11-19,1083,2021,3022,4004,10,466.49,0.1,133.79,4198.41,2860.51
5887,2023-11-20,1056,2039,3010,4002,7,217.4,0.2,163.91,1217.44,70.07
6771,2023-11-20,1020,2048,3017,4005,15,471.89,0.1,174.76,6370.52,3749.12
5365,2023-11-20,1049,2048,3003,4003,1,230.97,0.05,229.37,219.42,-9.95
7084,2023-11-20,1032,2037,3012,4002,8,368.2,0.2,51.35,2356.48,1945.68
5352,2023-11-20,1033,2045,3006,4003,3,277.14,0.15,280.78,706.71,-135.63
5104,2023-11-20,1080,2031,3009,4001,19,208.11,0.15,87.63,3360.98,1696.01
7254,2023-11-21,1034,2016,3011,4004,16,441.2,0.0,259.57,7059.2,2906.08
6210,2023-11-21,1025,2016,3010,4003,12,421.55,0.15,160.71,4299.81,2371.29
5629,2023-11-21,1012,2045,3005,4005,16,103.48,0.1,56.15,1490.11,591.71
6173,2023-11-22,1090,2011,3025,4001,7,416.31,0.15,41.13,2477.04,2189.13
6977,2023-11-23,1061,2002,3008,4005,7,408.01,0.2,194.13,2284.86,925.95
7346,2023-11-23,1001,2013,3021,4002,3,375.86,0.0,76.92,1127.58,896.82
7455,2023-11-23,1084,2050,3006,4004,14,436.26,0.05,181.1,5802.26,3266.86
7354,2023-11-23,1060,2048,3021,4001,18,431.86,0.05,69.3,7384.81,6137.41
5655,2023-11-24,1063,2009,3023,4005,5,432.07,0.2,256.29,1728.28,446.83
7211,2023-11-24,1065,2003,3010,4003,11,466.49,0.0,268.74,5131.39,2175.25
6062,2023-11-25,1011,2034,3016,4001,7,229.08,0.1,182.41,1443.2,166.33
7122,2023-11-25,1016,2047,3015,4005,12,101.59,0.2,122.38,975.26,-493.3
5567,2023-11-26,1083,2009,3001,4004,3,129.03,0.0,237.79,387.09,-326.28
6807,2023-11-26,1045,2005,3016,4003,19,482.11,0.1,167.68,8244.08,5058.16
6164,2023-11-26,1024,2023,3011,4002,4,322.84,0.2,269.12,1033.09,-43.39
6510,2023-11-26,1050,2039,3023,4002,17,66.9,0.1,193.51,1023.57,-2266.1
6032,2023-11-27,1027,2004,3013,4004,13,199.7,0.2,170.42,2076.88,-138.58
7277,2023-11-27,1004,2012,3008,4001,19,300.94,0.0,228.62,5717.86,1374.08
6769,2023-11-27,1006,2033,3025,4002,5,383.07,0.2,159.6,1532.28,734.28
5819,2023-11-27,1054,2048,3005,4005,17,381.24,0.2,112.14,5184.86,3278.48
6079,2023-11-28,1081,2019,3006,4002,15,99.05,0.05,290.33,1411.46,-2943.49
6472,2023-11-28,1092,2028,3013,4002,8,326.37,0.1,88.04,2349.86,1645.54
5182,2023-11-28,1049,2030,3012,4003,18,169.69,0.05,254.68,2901.7,-1682.54
6521,2023-11-29,1046,2004,3019,4004,11,217.61,0.1,152.62,2154.34,475.52
5833,2023-11-29,1074,2045,3004,4003,3,303.22,0.0,91.96,909.66,633.78
6715,2023-11-29,1038,2029,3003,4001,4,372.56,0.2,243.33,1192.19,218.87
6234,2023-11-29,1012,2021,3024,4001,16,204.99,0.05,220.38,3115.85,-410.23
6635,2023-11-29,1055,2016,3020,4005,7,434.57,0.1,187.35,2737.79,1426.34
5100,2023-11-29,1069,2045,3010,4005,5,112.53,0.2,89.21,450.12,4.07
5726,2023-12-01,1067,2002,3015,4002,10,96.37,0.05,159.05,915.52,-674.98
5542,2023-12-01,1015,2002,3014,4003,5,188.06,0.05,252.2,893.28,-367.72
6330,2023-12-01,1062,2026,3007,4005,7,242.53,0.05,237.24,1612.82,-47.86
7370,2023-12-02,1083,2013,3006,4003,6,118.21,0.1,186.69,638.33,-481.81
7125,2023-12-02,1084,2029,3002,4005,4,425.3,0.2,222.14,1360.96,472.4
7453,2023-12-02,1022,2022,3009,4001,4,217.34,0.1,299.25,782.42,-414.58
6377,2023-12-02,1002,2020,3013,4004,17,262.53,0.2,207.46,3570.41,43.59
6681,2023-12-02,1049,2029,3012,4003,3,74.97,0.05,256.54,213.66,-555.96
5723,2023-12-02,1051,2029,3025,4005,6,425.85,0.0,117.64,2555.1,1849.26
6454,2023-12-03,1099,2047,3013,4004,8,304.17,0.2,220.01,1946.69,186.61
6871,2023-12-03,1013,2021,3023,4001,7,233.7,0.05,218.34,1554.1,25.72
6206,2023-12-03,1016,2013,3018,4002,3,403.34,0.2,148.22,968.02,523.36
5488,2023-12-03,1092,2046,3010,4001,7,430.95,0.1,26.67,2714.98,2528.29
6066,2023-12-04,1099,2023,3003,4001,12,244.55,0.2,170.68,2347.68,299.52
6568,2023-12-04,1080,2048,3025,4002,11,141.02,0.0,299.41,1551.22,-1742.29
6842,2023-12-04,1080,2035,3015,4004,12,223.89,0.0,79.84,2686.68,1728.6
5532,2023-12-05,1026,2011,3005,4004,2,58.26,0.05,251.6,110.69,-392.51
5877,2023-12-05,1063,2034,3019,4004,1,345.11,0.15,131.03,293.34,162.31
5669,2023-12-05,1060,2019,3023,4005,17,319.59,0.05,22.4,5161.38,4780.58
5239,2023-12-05,1008,2049,3023,4002,15,264.16,0.2,96.55,3169.92,1721.67
6186,2023-12-06,1042,2042,3020,4005,15,293.76,0.1,161.84,3965.76,1538.16
7472,2023-12-06,1008,2038,3008,4002,17,327.6,0.05,195.82,5290.74,1961.8
5498,2023-12-06,1046,2049,3016,4003,2,410.02,0.15,156.79,697.03,383.45
7098,2023-12-06,1002,2047,3001,4001,3,102.22,0.15,73.84,260.66,39.14
6159,2023-12-07,1018,2033,3004,4005,13,50.96,0.05,249.27,629.36,-2611.15
7061,2023-12-07,1068,2017,3017,4001,13,353.39,0.05,90.79,4364.37,3184.1
5466,2023-12-07,1080,2047,3013,4005,6,364.13,0.05,291.48,2075.54,326.66
7445,2023-12-08,1040,2019,3021,4005,17,211.64,0.0,153.35,3597.88,990.93
6443,2023-12-08,1051,2043,3013,4005,16,496.67,0.1,103.6,7152.05,5494.45
6852,2023-12-08,1070,2010,3015,4005,3,471.72,0.1,74.84,1273.64,1049.12
6061,2023-12-08,1040,2031,3008,4003,11,261.99,0.1,266.28,2593.7,-335.38
6734,2023-12-08,1036,2043,3003,4003,4,59.13,0.05,153.58,224.69,-389.63
5422,2023-12-08,1066,2030,3005,4004,3,442.49,0.1,151.39,1194.72,740.55
6840,2023-12-09,1019,2019,3014,4005,12,370.86,0.0,81.44,4450.32,3473.04
5583,2023-12-10,1070,2047,3013,4002,16,275.96,0.05,153.22,4194.59,1743.07
5654,2023-12-10,1065,2041,3016,4001,3,119.72,0.15,251.01,305.29,-447.74
6980,2023-12-10,1036,2040,3001,4002,1,495.59,0.05,53.39,470.81,417.42
7461,2023-12-11,1021,2050,3010,4004,5,308.42,0.2,145.91,1233.68,504.13
5699,2023-12-11,1089,2049,3011,4001,14,462.81,0.05,286.31,6155.37,2147.03
5830,2023-12-11,1073,2024,3009,4005,5,205.15,0.2,55.4,820.6,543.6
6902,2023-12-11,1066,2050,3017,4001,12,289.55,0.2,224.7,2779.68,83.28
5040,2023-12-11,1058,2013,3012,4005,15,461.7,0.1,154.87,6232.95,3909.9
5727,2023-12-12,1007,2011,3015,4002,19,152.35,0.2,172.39,2315.72,-959.69
7305,2023-12-12,1010,2046,3014,4005,2,68.92,0.15,216.76,117.16,-316.36
5224,2023-12-13,1017,2007,3023,4004,18,422.9,0.0,276.94,7612.2,2627.28
6344,2023-12-13,1080,2026,3015,4003,7,121.68,0.1,213.73,766.58,-729.53
6834,2023-12-13,1072,2038,3024,4002,5,398.89,0.15,245.33,1695.28,468.63
6200,2023-12-13,1046,2041,3023,4005,16,118.9,0.05,274.04,1807.28,-2577.36
7066,2023-12-13,1036,2030,3021,4002,2,90.49,0.05,113.64,171.93,-55.35
6732,2023-12-14,1076,2012,3012,4004,15,139.15,0.0,160.24,2087.25,-316.35
7431,2023-12-14,1091,2018,3010,4003,11,326.17,0.15,178.4,3049.69,1087.29
6613,2023-12-14,1007,2047,3010,4002,15,140.76,0.05,167.05,2005.83,-499.92
5271,2023-12-14,1077,2002,3025,4003,12,490.49,0.2,73.02,4708.7,3832.46
6541,2023-12-14,1077,2004,3015,4001,19,444.72,0.0,180.67,8449.68,5016.95
7106,2023-12-14,1044,2039,3015,4001,11,278.99,0.05,177.01,2915.45,968.34
5927,2023-12-15,1007,2020,3010,4004,11,330.78,0.05,250.26,3456.65,703.79
5157,2023-12-15,1049,2049,3007,4002,19,238.66,0.1,208.22,4081.09,124.91
5036,2023-12-15,1017,2027,3011,4003,12,362.97,0.1,249.7,3920.08,923.68
5839,2023-12-15,1063,2027,3019,4004,8,393.84,0.0,222.01,3150.72,1374.64
7342,2023-12-15,1064,2040,3018,4002,13,475.27,0.1,98.83,5560.66,4275.87
6144,2023-12-15,1007,2004,3019,4004,7,269.42,0.1,31.99,1697.35,1473.42
6631,2023-12-16,1013,2048,3007,4005,12,308.73,0.05,200.38,3519.52,1114.96
5796,2023-12-16,1043,2004,3011,4001,12,199.81,0.0,151.98,2397.72,573.96
6888,2023-12-16,1060,2001,3005,4005,5,199.54,0.05,174.74,947.82,74.12
6815,2023-12-18,1029,2012,3021,4001,1,366.25,0.2,99.62,293.0,193.38
5407,2023-12-18,1003,2019,3020,4002,4,456.53,0.0,203.93,1826.12,1010.4
5046,2023-12-19,1009,2012,3010,4005,7,335.09,0.05,185.88,2228.35,927.19
7261,2023-12-19,1056,2042,3021,4003,17,110.03,0.1,269.88,1683.46,-2904.5
5874,2023-12-19,1020,2023,3024,4002,17,490.32,0.15,253.81,7085.12,2770.35
5509,2023-12-20,1056,2046,3014,4005,8,266.32,0.05,48.44,2024.03,1636.51
7055,2023-12-20,1041,2039,3008,4001,19,172.89,0.2,276.71,2627.93,-2629.56
7347,2023-12-20,1002,2038,3019,4005,1,415.51,0.0,46.01,415.51,369.5
6158,2023-12-20,1099,2029,3022,4005,12,440.47,0.05,29.57,5021.36,4666.52
6273,2023-12-20,1099,2001,3022,4002,4,269.26,0.05,232.33,1023.19,93.87
6658,2023-12-20,1061,2021,3018,4005,1,277.93,0.15,76.14,236.24,160.1
7280,2023-12-21,1052,2011,3016,4003,4,231.23,0.1,20.09,832.43,752.07
7213,2023-12-22,1054,2003,3020,4003,4,391.04,0.05,133.77,1485.95,950.87
5788,2023-12-22,1012,2036,3005,4005,14,418.43,0.2,196.57,4686.42,1934.44
6059,2023-12-23,1021,2013,3020,4003,2,420.39,0.2,270.83,672.62,130.96
5378,2023-12-24,1005,2016,3016,4003,17,110.27,0.05,270.61,1780.86,-2819.51
6743,2023-12-24,1080,2022,3017,4004,5,150.13,0.05,251.88,713.12,-546.28
6964,2023-12-24,1089,2017,3015,4001,3,88.69,0.0,240.91,266.07,-456.66
6857,2023-12-25,1089,2006,3008,4001,8,437.56,0.05,242.5,3325.46,1385.46
6589,2023-12-25,1090,2024,3017,4005,3,128.02,0.0,298.15,384.06,-510.39
5480,2023-12-25,1032,2015,3023,4003,19,252.76,0.2,268.73,3841.95,-1263.92
5737,2023-12-25,1036,2006,3008,4001,16,55.48,0.1,227.29,798.91,-2837.73
7135,2023-12-26,1021,2048,3009,4002,2,229.34,0.15,258.25,389.88,-126.62
6614,2023-12-26,1075,2004,3019,4005,3,243.39,0.1,253.73,657.15,-104.04
5492,2023-12-26,1021,2008,3015,4004,1,384.58,0.05,264.54,365.35,100.81
6744,2023-12-26,1074,2037,3025,4005,11,499.85,0.1,198.79,4948.52,2761.83
7064,2023-12-27,1032,2016,3007,4005,9,169.02,0.0,142.22,1521.18,241.2
6579,2023-12-27,1097,2037,3002,4001,5,375.1,0.1,297.07,1687.95,202.6
5878,2023-12-27,1061,2032,3011,4002,5,273.66,0.15,297.46,1163.06,-324.24
6782,2023-12-27,1059,2013,3016,4005,9,69.36,0.15,282.81,530.6,-2014.69
5684,2023-12-27,1093,2033,3010,4005,5,183.17,0.0,28.13,915.85,775.2
6307,2023-12-27,1011,2011,3006,4003,6,197.14,0.2,156.5,946.27,7.27
7389,2023-12-28,1021,2015,3012,4004,13,442.76,0.05,131.43,5468.09,3759.5
7138,2023-12-28,1022,2039,3020,4005,18,442.23,0.05,158.48,7562.13,4709.49
7028,2023-12-28,1033,2012,3025,4002,16,332.48,0.15,30.62,4521.73,4031.81
5455,2023-12-29,1088,2047,3005,4004,1,302.11,0.05,109.43,287.0,177.57
5260,2023-12-29,1045,2049,3003,4001,17,479.59,0.15,255.96,6930.08,2578.76
6695,2023-12-29,1012,2017,3021,4003,8,281.47,0.2,62.41,1801.41,1302.13
6572,2023-12-29,1020,2046,3011,4003,5,387.01,0.15,213.59,1644.79,576.84
5837,2023-12-30,1041,2046,3025,4002,2,151.2,0.15,204.66,257.04,-152.28
5078,2023-12-30,1076,2017,3023,4005,7,89.66,0.05,246.38,596.24,-1128.42
7095,2024-01-01,1002,2042,3018,4001,8,244.78,0.05,219.63,1860.33,103.29
7053,2024-01-01,1042,2045,3012,4003,6,453.11,0.2,294.31,2174.93,409.07
6469,2024-01-02,1067,2010,3014,4002,10,56.29,0.05,294.16,534.76,-2406.84
5449,2024-01-02,1010,2016,3021,4005,17,283.75,0.05,236.77,4582.56,557.47
6428,2024-01-03,1064,2037,3020,4002,2,215.74,0.1,51.82,388.33,284.69
6237,2024-01-03,1061,2001,3018,4002,7,433.84,0.1,190.33,2733.19,1400.88
6289,2024-01-03,1014,2006,3012,4001,18,325.47,0.0,38.92,5858.46,5157.9
5045,2024-01-03,1023,2026,3024,4002,16,69.05,0.2,44.24,883.84,176.0
7037,2024-01-05,1071,2046,3025,4001,1,126.95,0.0,52.77,126.95,74.18
7235,2024-01-05,1013,2009,3019,4005,3,183.32,0.05,232.77,522.46,-175.85
5904,2024-01-05,1066,2019,3009,4004,17,125.43,0.2,164.51,1705.85,-1090.82
5128,2024-01-06,1013,2006,3016,4001,2,372.41,0.1,60.99,670.34,548.36
5059,2024-01-06,1063,2047,3023,4002,13,414.82,0.0,298.75,5392.66,1508.91
7226,2024-01-06,1025,2009,3015,4003,16,332.32,0.1,210.16,4785.41,1422.85
6091,2024-01-06,1061,2032,3011,4003,18,443.35,0.1,160.35,7182.27,4295.97
5802,2024-01-06,1072,2019,3015,4003,9,339.74,0.05,78.43,2904.78,2198.91
6720,2024-01-06,1089,2040,3020,4004,12,146.64,0.2,64.14,1407.74,638.06
6484,2024-01-06,1001,2022,3019,4003,6,159.49,0.0,132.34,956.94,162.9
7163,2024-01-06,1068,2025,3018,4002,11,207.27,0.2,230.02,1823.98,-706.24
6882,2024-01-06,1065,2004,3024,4002,16,302.0,0.2,244.32,3865.6,-43.52
7414,2024-01-07,1025,2034,3002,4003,6,112.84,0.05,153.53,643.19,-277.99
5186,2024-01-07,1019,2030,3025,4001,7,499.38,0.15,30.15,2971.31,2760.26
6422,2024-01-07,1065,2004,3025,4003,4,286.34,0.0,137.11,1145.36,596.92
6884,2024-01-07,1071,2049,3021,4001,17,341.0,0.05,78.81,5507.15,4167.38
5528,2024-01-08,1087,2009,3023,4005,1,402.32,0.1,298.75,362.09,63.34
7148,2024-01-08,1036,2007,3010,4001,8,318.93,0.2,115.69,2041.15,1115.63
6829,2024-01-08,1026,2043,3003,4001,4,409.45,0.0,157.52,1637.8,1007.72
6326,2024-01-09,1081,2023,3021,4003,14,391.46,0.2,144.71,4384.35,2358.41
6916,2024-01-09,1012,2019,3025,4004,8,142.16,0.1,46.9,1023.55,648.35
5075,2024-01-09,1094,2004,3006,4004,11,238.09,0.0,290.17,2618.99,-572.88
5447,2024-01-09,1029,2033,3005,4003,19,162.18,0.1,67.72,2773.28,1486.6
7407,2024-01-10,1010,2020,3021,4003,18,142.93,0.15,274.39,2186.83,-2752.19
6336,2024-01-10,1098,2050,3022,4002,17,325.62,0.15,207.8,4705.21,1172.61
7405,2024-01-10,1008,2043,3002,4001,18,456.6,0.2,268.84,6575.04,1735.92
6354,2024-01-10,1089,2013,3015,4003,7,487.08,0.1,166.44,3068.6,1903.52
7433,2024-01-10,1013,2018,3020,4001,15,266.76,0.05,183.66,3801.33,1046.43
7162,2024-01-11,1026,2016,3004,4001,6,491.62,0.0,70.54,2949.72,2526.48
7178,2024-01-11,1045,2002,3006,4005,8,359.88,0.1,40.03,2591.14,2270.9
6591,2024-01-12,1015,2042,3024,4003,15,233.82,0.15,65.44,2981.2,1999.6
7111,2024-01-12,1093,2024,3005,4001,14,320.95,0.15,146.66,3819.3,1766.06
6929,2024-01-12,1046,2047,3018,4003,5,303.44,0.0,27.29,1517.2,1380.75
7101,2024-01-12,1098,2009,3013,4002,15,479.42,0.15,241.92,6112.6,2483.8
6425,2024-01-12,1082,2026,3015,4002,12,299.79,0.0,218.84,3597.48,971.4
7471,2024-01-13,1021,2030,3024,4001,9,189.31,0.05,280.94,1618.6,-909.86
6790,2024-01-13,1088,2029,3016,4005,15,211.75,0.15,237.88,2699.81,-868.39
5870,2024-01-13,1071,2013,3010,4005,18,173.36,0.1,298.53,2808.43,-2565.11
7238,2024-01-13,1020,2045,3014,4005,4,249.76,0.1,36.67,899.14,752.46
5759,2024-01-13,1056,2031,3023,4002,5,271.31,0.0,42.54,1356.55,1143.85
6362,2024-01-13,1007,2043,3020,4004,2,245.33,0.0,53.36,490.66,383.94
5439,2024-01-14,1038,2017,3018,4002,9,219.37,0.1,50.03,1776.9,1326.63
6633,2024-01-14,1045,2036,3010,4003,8,342.9,0.15,126.77,2331.72,1317.56
5381,2024-01-14,1023,2021,3003,4003,17,131.29,0.2,101.32,1785.54,63.1
6401,2024-01-15,1098,2030,3012,4004,17,341.94,0.15,163.79,4941.03,2156.6
5077,2024-01-15,1069,2020,3024,4001,9,374.68,0.05,274.42,3203.51,733.73
5792,2024-01-15,1082,2034,3019,4001,19,476.02,0.05,84.72,8592.16,6982.48
7171,2024-01-15,1086,2044,3011,4001,7,384.94,0.1,259.24,2425.12,610.44
6417,2024-01-15,1017,2028,3018,4004,10,326.65,0.2,95.42,2613.2,1659.0
7350,2024-01-15,1029,2008,3016,4001,5,304.17,0.1,180.13,1368.76,468.11
7172,2024-01-16,1060,2041,3010,4001,2,260.14,0.2,184.63,416.22,46.96
6369,2024-01-16,1010,2031,3008,4005,5,457.68,0.2,83.27,1830.72,1414.37
6947,2024-01-16,1078,2048,3023,4002,9,215.52,0.2,193.3,1551.74,-187.96
6830,2024-01-17,1008,2039,3020,4001,13,475.34,0.15,105.91,5252.51,3875.68
6561,2024-01-17,1088,2020,3020,4002,1,314.4,0.2,277.68,251.52,-26.16
5216,2024-01-18,1087,2015,3008,4001,11,297.09,0.05,233.75,3104.59,533.34
6970,2024-01-18,1039,2049,3004,4001,17,299.53,0.2,211.02,4073.61,486.27
7050,2024-01-18,1085,2021,3021,4002,16,478.6,0.15,47.07,6508.96,5755.84
7430,2024-01-18,1012,2011,3004,4002,12,221.5,0.2,176.2,2126.4,12.0
5176,2024-01-18,1084,2031,3025,4003,13,185.3,0.0,54.37,2408.9,1702.09
6238,2024-01-19,1043,2036,3020,4005,9,487.79,0.05,128.75,4170.6,3011.85
6974,2024-01-19,1063,2009,3018,4003,4,63.85,0.2,165.7,204.32,-458.48
6551,2024-01-19,1032,2047,3021,4001,10,132.19,0.2,121.4,1057.52,-156.48
5772,2024-01-20,1036,2038,3020,4002,6,423.58,0.1,40.13,2287.33,2046.55
6869,2024-01-21,1098,2022,3022,4001,2,185.1,0.05,203.9,351.69,-56.11
6628,2024-01-21,1012,2048,3009,4005,12,164.94,0.15,194.22,1682.39,-648.25
6906,2024-01-21,1085,2021,3005,4004,17,144.27,0.1,265.34,2207.33,-2303.45
6162,2024-01-22,1014,2010,3007,4005,6,214.81,0.0,150.66,1288.86,384.9
5053,2024-01-23,1048,2016,3025,4002,12,398.69,0.2,266.21,3827.42,632.9
5728,2024-01-24,1051,2013,3016,4002,3,51.4,0.2,287.82,123.36,-740.1
5722,2024-01-24,1039,2002,3006,4003,17,499.78,0.1,252.72,7646.63,3350.39
5093,2024-01-24,1052,2031,3023,4005,15,474.54,0.0,184.93,7118.1,4344.15
5302,2024-01-24,1001,2028,3019,4001,10,324.05,0.1,80.69,2916.45,2109.55
5551,2024-01-24,1090,2030,3012,4004,6,159.22,0.15,68.11,812.02,403.36
5829,2024-01-24,1047,2030,3010,4001,19,346.66,0.0,106.17,6586.54,4569.31
5955,2024-01-25,1014,2047,3024,4002,17,299.09,0.1,71.96,4576.08,3352.76
5681,2024-01-25,1022,2045,3016,4005,9,451.08,0.0,37.66,4059.72,3720.78
6209,2024-01-25,1030,2002,3010,4004,11,472.09,0.0,55.57,5192.99,4581.72
5071,2024-01-25,1078,2021,3005,4005,8,180.63,0.15,196.08,1228.28,-340.36
6688,2024-01-25,1079,2017,3002,4004,6,212.35,0.0,106.8,1274.1,633.3
7495,2024-01-25,1023,2040,3011,4004,14,109.37,0.05,56.7,1454.62,660.82
5043,2024-01-25,1090,2022,3018,4001,10,139.72,0.2,241.37,1117.76,-1295.94
6367,2024-01-26,1023,2024,3003,4003,5,183.56,0.05,186.7,871.91,-61.59
6176,2024-01-26,1039,2047,3019,4005,17,368.61,0.15,64.84,5326.41,4224.13
6287,2024-01-26,1073,2034,3022,4004,1,155.96,0.05,161.11,148.16,-12.95
5144,2024-01-26,1068,2045,3008,4001,6,435.33,0.1,207.52,2350.78,1105.66
6522,2024-01-26,1015,2001,3023,4001,3,255.08,0.15,287.29,650.45,-211.42
5474,2024-01-27,1025,2012,3002,4003,9,198.01,0.1,39.49,1603.88,1248.47
6935,2024-01-27,1015,2043,3004,4004,1,395.16,0.15,130.68,335.89,205.21
6251,2024-01-27,1052,2038,3014,4003,4,163.3,0.15,78.38,555.22,241.7
6136,2024-01-28,1010,2011,3007,4005,10,304.54,0.15,211.37,2588.59,474.89
5661,2024-01-28,1024,2024,3012,4002,10,242.52,0.2,103.48,1940.16,905.36
6169,2024-01-28,1003,2037,3023,4001,15,498.88,0.15,211.64,6360.72,3186.12
7164,2024-01-28,1082,2028,3007,4005,17,464.78,0.05,77.25,7506.2,6192.95
6798,2024-01-29,1095,2026,3022,4005,14,191.65,0.05,190.55,2548.94,-118.76
7365,2024-01-29,1017,2027,3021,4003,16,174.23,0.05,180.16,2648.3,-234.26
6283,2024-01-29,1032,2042,3012,4004,15,332.43,0.1,71.96,4487.8,3408.4
5603,2024-01-29,1084,2003,3016,4002,18,493.87,0.0,296.33,8889.66,3555.72
5143,2024-01-30,1007,2030,3025,4004,8,343.04,0.15,222.66,2332.67,551.39
5515,2024-01-30,1026,2020,3015,4005,1,396.54,0.2,282.94,317.23,34.29
6972,2024-01-31,1031,2033,3007,4004,10,489.64,0.15,43.29,4161.94,3729.04
6846,2024-01-31,1069,2034,3018,4002,2,110.02,0.1,110.11,198.04,-22.18
7105,2024-01-31,1022,2014,3001,4003,11,98.67,0.0,103.36,1085.37,-51.59
6177,2024-01-31,1015,2025,3001,4003,2,164.4,0.1,22.16,295.92,251.6
7418,2024-01-31,1050,2021,3002,4001,5,72.47,0.05,51.47,344.23,86.88
7049,2024-02-01,1007,2049,3001,4004,10,197.83,0.05,123.91,1879.38,640.28
6832,2024-02-01,1076,2029,3016,4001,17,164.58,0.0,37.56,2797.86,2159.34
7189,2024-02-01,1014,2002,3025,4001,19,404.54,0.15,281.24,6533.32,1189.76
6399,2024-02-02,1074,2030,3025,4005,10,231.69,0.2,179.33,1853.52,60.22
5698,2024-02-03,1004,2023,3003,4003,15,301.27,0.0,75.24,4519.05,3390.45
5676,2024-02-03,1099,2044,3023,4001,1,304.59,0.0,28.85,304.59,275.74
7045,2024-02-04,1025,2042,3006,4004,6,299.2,0.2,196.95,1436.16,254.46
5686,2024-02-04,1011,2026,3010,4001,9,87.92,0.15,191.55,672.59,-1051.36
5304,2024-02-04,1003,2027,3024,4005,7,122.14,0.15,117.47,726.73,-95.56
6862,2024-02-06,1031,2004,3002,4004,15,200.63,0.0,174.26,3009.45,395.55
7383,2024-02-07,1024,2024,3014,4005,8,403.0,0.15,237.99,2740.4,836.48
7457,2024-02-07,1044,2017,3022,4001,11,333.34,0.0,177.87,3666.74,1710.17
7429,2024-02-08,1036,2032,3021,4002,13,193.84,0.0,293.23,2519.92,-1292.07
5709,2024-02-08,1038,2018,3012,4003,8,253.17,0.0,298.84,2025.36,-365.36
6356,2024-02-09,1042,2040,3013,4003,4,481.21,0.2,115.9,1539.87,1076.27
6671,2024-02-09,1061,2032,3009,4001,19,252.38,0.15,101.56,4075.94,2146.3
5359,2024-02-10,1026,2033,3024,4001,8,220.62,0.0,72.41,1764.96,1185.68
6968,2024-02-10,1095,2025,3019,4002,12,362.06,0.15,273.04,3693.01,416.53
6730,2024-02-10,1065,2035,3015,4002,12,136.42,0.15,86.62,1391.48,352.04
5114,2024-02-10,1033,2049,3015,4004,13,376.43,0.0,194.88,4893.59,2360.15
6296,2024-02-10,1009,2012,3020,4002,19,61.86,0.1,217.87,1057.81,-3081.72
6352,2024-02-11,1013,2019,3006,4002,6,436.23,0.0,27.84,2617.38,2450.34
5773,2024-02-11,1036,2030,3019,4001,16,477.78,0.15,220.39,6497.81,2971.57
6697,2024-02-11,1018,2026,3014,4005,15,405.44,0.05,155.19,5777.52,3449.67
7179,2024-02-12,1035,2041,3009,4001,8,177.05,0.2,111.01,1133.12,245.04
6430,2024-02-12,1029,2018,3004,4004,9,481.75,0.0,258.23,4335.75,2011.68
6203,2024-02-12,1093,2013,3007,4001,16,324.58,0.2,163.22,4154.62,1543.1
7087,2024-02-12,1072,2018,3009,4004,14,299.22,0.0,268.05,4189.08,436.38
7246,2024-02-12,1043,2029,3019,4002,18,329.85,0.0,156.52,5937.3,3119.94
7348,2024-02-13,1060,2018,3008,4002,15,355.61,0.15,37.69,4534.03,3968.68
6543,2024-02-13,1072,2011,3019,4003,19,252.98,0.2,198.26,3845.3,78.36
5213,2024-02-13,1095,2027,3023,4004,16,287.43,0.05,192.56,4368.94,1287.98
5127,2024-02-13,1029,2015,3013,4005,15,248.54,0.15,168.72,3168.88,638.08
5487,2024-02-13,1082,2034,3025,4002,3,227.01,0.2,279.28,544.82,-293.02
5495,2024-02-14,1005,2030,3006,4003,8,401.33,0.05,42.52,3050.11,2709.95
5605,2024-02-14,1075,2044,3010,4003,18,100.9,0.0,135.04,1816.2,-614.52
7103,2024-02-14,1030,2028,3015,4004,5,368.82,0.05,43.43,1751.89,1534.74
5934,2024-02-15,1087,2026,3001,4004,9,299.04,0.15,254.11,2287.66,0.67
5299,2024-02-15,1014,2021,3009,4003,13,220.09,0.15,249.44,2431.99,-810.73
6072,2024-02-15,1069,2001,3020,4001,11,423.58,0.2,208.67,3727.5,1432.13
5105,2024-02-15,1002,2036,3022,4004,9,169.19,0.2,157.33,1218.17,-197.8
7409,2024-02-15,1096,2019,3025,4001,10,61.25,0.15,228.98,520.62,-1769.18
6620,2024-02-15,1022,2041,3023,4001,17,277.8,0.1,130.23,4250.34,2036.43
6727,2024-02-15,1066,2040,3024,4002,15,144.0,0.15,142.67,1836.0,-304.05
7438,2024-02-16,1032,2005,3012,4004,9,377.28,0.05,75.4,3225.74,2547.14
6501,2024-02-16,1046,2007,3022,4004,6,331.91,0.15,297.96,1692.74,-95.02
5543,2024-02-17,1064,2041,3013,4002,9,66.22,0.2,224.31,476.78,-1542.01
6022,2024-02-17,1041,2001,3008,4002,8,405.68,0.2,139.68,2596.35,1478.91
7406,2024-02-17,1064,2025,3010,4002,16,157.54,0.1,126.56,2268.58,243.62
5270,2024-02-17,1003,2005,3025,4005,17,416.83,0.1,186.11,6377.5,3213.63
6081,2024-02-18,1098,2022,3011,4005,3,242.54,0.1,283.3,654.86,-195.04
5338,2024-02-18,1029,2047,3008,4005,9,261.08,0.15,295.71,1997.26,-664.13
5702,2024-02-19,1018,2018,3021,4004,18,50.11,0.0,47.85,901.98,40.68
6713,2024-02-19,1037,2004,3023,4002,8,324.15,0.15,144.69,2204.22,1046.7
6707,2024-02-19,1087,2035,3013,4002,2,141.11,0.1,262.05,254.0,-270.1
5864,2024-02-19,1063,2022,3017,4001,10,452.32,0.15,119.38,3844.72,2650.92
5557,2024-02-20,1025,2021,3004,4005,18,486.88,0.1,243.42,7887.46,3505.9
7330,2024-02-20,1034,2006,3002,4001,9,433.15,0.2,167.18,3118.68,1614.06
7147,2024-02-20,1014,2003,3001,4004,2,173.24,0.0,264.84,346.48,-183.2
5457,2024-02-21,1034,2006,3016,4001,6,168.15,0.1,41.64,908.01,658.17
5850,2024-02-21,1017,2035,3014,4004,19,264.71,0.15,283.6,4275.07,-1113.33
5295,2024-02-21,1057,2046,3013,4005,10,282.5,0.1,284.39,2542.5,-301.4
5254,2024-02-21,1091,2034,3020,4005,6,203.77,0.1,74.67,1100.36,652.34
6116,2024-02-22,1088,2015,3006,4005,2,163.96,0.1,232.86,295.13,-170.59
5668,2024-02-22,1062,2046,3009,4001,4,144.44,0.15,105.14,491.1,70.54
6413,2024-02-22,1100,2013,3015,4004,18,110.54,0.0,235.8,1989.72,-2254.68
6833,2024-02-23,1091,2047,3017,4003,2,465.87,0.0,117.68,931.74,696.38
6060,2024-02-23,1011,2047,3006,4002,7,68.89,0.0,287.74,482.23,-1531.95
5980,2024-02-23,1087,2050,3016,4004,13,272.66,0.15,23.36,3012.89,2709.21
6387,2024-02-23,1027,2021,3024,4003,12,234.11,0.15,183.24,2387.92,189.04
5541,2024-02-23,1099,2008,3014,4005,10,406.61,0.15,152.56,3456.19,1930.59
6194,2024-02-24,1013,2047,3010,4002,4,271.32,0.0,53.13,1085.28,872.76
7250,2024-02-24,1083,2028,3012,4001,15,95.31,0.1,21.46,1286.69,964.79
6171,2024-02-25,1043,2024,3011,4003,9,130.28,0.2,46.0,938.02,524.02
6915,2024-02-25,1025,2026,3010,4004,11,385.74,0.1,178.31,3818.83,1857.42
5262,2024-02-25,1092,2034,3002,4005,11,459.17,0.2,99.72,4040.7,2943.78
6571,2024-02-25,1092,2039,3006,4001,3,185.43,0.2,215.34,445.03,-200.99
7249,2024-02-25,1023,2009,3001,4005,17,493.68,0.15,267.49,7133.68,2586.35
5467,2024-02-26,1095,2038,3008,4004,16,224.58,0.0,102.92,3593.28,1946.56
6243,2024-02-26,1046,2049,3016,4002,2,264.19,0.05,127.76,501.96,246.44
6067,2024-02-26,1054,2014,3005,4004,5,490.67,0.0,44.45,2453.35,2231.1
5463,2024-02-27,1075,2003,3012,4003,1,367.8,0.05,177.33,349.41,172.08
6087,2024-02-28,1040,2010,3015,4004,9,192.47,0.1,208.16,1559.01,-314.43
6540,2024-02-28,1064,2029,3019,4003,19,310.82,0.15,253.03,5019.74,212.17
6143,2024-02-29,1086,2044,3011,4003,12,284.45,0.05,224.95,3242.73,543.33
6653,2024-02-29,1059,2017,3005,4004,17,416.33,0.15,31.35,6015.97,5483.02
6966,2024-02-29,1075,2006,3023,4002,19,373.1,0.2,53.01,5671.12,4663.93
5598,2024-02-29,1036,2028,3012,4003,12,354.12,0.0,42.35,4249.44,3741.24
5667,2024-02-29,1069,2011,3009,4003,17,168.51,0.05,122.48,2721.44,639.28
6408,2024-02-29,1093,2044,3004,4002,7,206.72,0.2,115.87,1157.63,346.54
6129,2024-03-01,1012,2008,3008,4004,8,124.89,0.15,253.95,849.25,-1182.35
6331,2024-03-01,1093,2040,3019,4005,10,198.78,0.05,43.52,1888.41,1453.21
7338,2024-03-01,1042,2048,3006,4003,16,266.57,0.05,26.85,4051.86,3622.26
5672,2024-03-01,1075,2046,3015,4005,18,217.51,0.0,196.61,3915.18,376.2
6544,2024-03-01,1021,2021,3010,4004,9,56.91,0.05,103.43,486.58,-444.29
5949,2024-03-02,1046,2050,3021,4003,8,408.01,0.0,159.59,3264.08,1987.36
7317,2024-03-02,1045,2023,3015,4004,14,147.3,0.05,183.65,1959.09,-612.01
7475,2024-03-02,1023,2026,3006,4004,19,123.91,0.2,218.83,1883.43,-2274.34
7031,2024-03-02,1022,2023,3024,4001,16,288.1,0.2,107.66,3687.68,1965.12
6710,2024-03-03,1014,2033,3013,4003,5,84.53,0.2,294.15,338.12,-1132.63
7367,2024-03-04,1087,2031,3009,4001,17,89.17,0.0,200.74,1515.89,-1896.69
6938,2024-03-04,1075,2040,3011,4003,12,397.17,0.2,125.38,3812.83,2308.27
7009,2024-03-05,1050,2048,3022,4005,16,426.47,0.2,232.55,5458.82,1738.02
5687,2024-03-05,1014,2039,3025,4005,6,415.34,0.0,245.71,2492.04,1017.78
5347,2024-03-05,1066,2012,3008,4003,11,380.01,0.2,243.64,3344.09,664.05
6629,2024-03-05,1087,2027,3016,4005,18,278.01,0.2,23.4,4003.34,3582.14
5027,2024-03-05,1047,2042,3007,4005,10,467.57,0.15,224.42,3974.34,1730.14
6405,2024-03-05,1079,2044,3016,4003,2,291.45,0.05,199.3,553.76,155.16
5798,2024-03-06,1100,2001,3004,4002,10,323.27,0.05,141.44,3071.06,1656.66
5675,2024-03-06,1076,2040,3020,4002,8,240.29,0.0,279.48,1922.32,-313.52
5549,2024-03-06,1017,2049,3011,4005,9,149.74,0.05,160.04,1280.28,-160.08
6478,2024-03-07,1084,2042,3011,4004,12,379.24,0.15,172.03,3868.25,1803.89
5730,2024-03-07,1042,2014,3012,4002,11,98.87,0.05,67.45,1033.19,291.24
5013,2024-03-08,1042,2047,3003,4005,7,430.95,0.0,222.72,3016.65,1457.61
5140,2024-03-08,1074,2013,3023,4004,5,499.29,0.1,103.19,2246.81,1730.86
5035,2024-03-08,1019,2027,3014,4002,8,200.63,0.2,111.87,1284.03,389.07
5279,2024-03-08,1006,2039,3019,4002,5,454.66,0.05,40.49,2159.64,1957.19
5206,2024-03-09,1057,2020,3015,4004,18,351.94,0.15,30.08,5384.68,4843.24
6880,2024-03-09,1085,2049,3014,4002,11,226.41,0.05,290.65,2365.98,-831.17
6574,2024-03-09,1074,2046,3006,4004,15,141.11,0.2,239.97,1693.32,-1906.23
5308,2024-03-09,1075,2026,3002,4005,4,364.2,0.1,47.91,1311.12,1119.48
5418,2024-03-09,1023,2022,3025,4004,1,383.72,0.2,178.99,306.98,127.99
5261,2024-03-09,1013,2017,3011,4004,19,466.6,0.2,92.38,7092.32,5337.1
7001,2024-03-09,1072,2003,3001,4002,8,399.49,0.1,234.9,2876.33,997.13
6649,2024-03-10,1022,2011,3015,4001,14,176.27,0.2,72.3,1974.22,962.02
6277,2024-03-10,1050,2047,3005,4001,16,396.27,0.15,211.23,5389.27,2009.59
7115,2024-03-10,1080,2047,3016,4005,1,321.31,0.2,272.44,257.05,-15.39
5612,2024-03-11,1057,2008,3002,4002,19,257.17,0.15,87.34,4153.3,2493.84
5875,2024-03-11,1086,2003,3004,4005,19,314.8,0.1,282.07,5383.08,23.75
6001,2024-03-11,1081,2050,3009,4004,11,404.85,0.2,119.28,3562.68,2250.6
5633,2024-03-12,1014,2014,3016,4004,5,378.36,0.1,46.41,1702.62,1470.57
6502,2024-03-12,1089,2049,3022,4005,16,292.14,0.0,288.57,4674.24,57.12
7131,2024-03-12,1005,2029,3003,4005,8,190.7,0.15,64.22,1296.76,783.0
6547,2024-03-13,1064,2026,3016,4001,6,300.99,0.2,85.48,1444.75,931.87
5430,2024-03-13,1098,2035,3004,4001,14,139.51,0.1,264.4,1757.83,-1943.77
5716,2024-03-14,1017,2049,3017,4001,8,441.46,0.15,143.79,3001.93,1851.61
5125,2024-03-14,1043,2047,3021,4002,10,363.05,0.1,215.72,3267.45,1110.25
5790,2024-03-14,1013,2024,3004,4004,12,435.95,0.15,232.01,4446.69,1662.57
5960,2024-03-15,1007,2035,3024,4004,16,106.53,0.05,26.23,1619.26,1199.58
6705,2024-03-15,1100,2019,3023,4005,14,52.57,0.15,191.2,625.58,-2051.22
6596,2024-03-15,1061,2023,3025,4001,12,426.76,0.0,85.28,5121.12,4097.76
7025,2024-03-15,1049,2005,3006,4003,9,408.19,0.1,199.47,3306.34,1511.11
6537,2024-03-16,1088,2034,3012,4002,7,153.04,0.0,244.04,1071.28,-637.0
6685,2024-03-16,1098,2006,3009,4002,19,434.97,0.15,225.49,7024.77,2740.46
6659,2024-03-16,1093,2037,3015,4002,7,88.61,0.0,268.89,620.27,-1261.96
5443,2024-03-16,1030,2030,3017,4002,9,315.43,0.05,158.98,2696.93,1266.11
6529,2024-03-16,1100,2010,3023,4003,19,213.89,0.1,29.29,3657.52,3101.01
5563,2024-03-16,1086,2003,3017,4002,1,493.71,0.0,145.85,493.71,347.86
7117,2024-03-16,1030,2033,3006,4001,15,154.36,0.0,283.6,2315.4,-1938.6
7402,2024-03-17,1005,2043,3004,4003,14,125.2,0.2,125.56,1402.24,-355.6
5259,2024-03-17,1067,2022,3012,4002,3,415.93,0.2,51.7,998.23,843.13
5529,2024-03-17,1078,2033,3025,4005,18,385.81,0.2,47.23,5555.66,4705.52
6239,2024-03-17,1070,2021,3011,4004,4,170.0,0.1,160.9,612.0,-31.6
6031,2024-03-18,1085,2014,3002,4001,19,397.89,0.1,167.5,6803.92,3621.42
6559,2024-03-18,1086,2023,3017,4005,12,407.88,0.15,282.12,4160.38,774.94
5801,2024-03-19,1037,2020,3020,4005,12,64.45,0.1,265.56,696.06,-2490.66
7268,2024-03-19,1021,2011,3024,4001,6,244.88,0.05,168.95,1395.82,382.12
5508,2024-03-20,1086,2019,3016,4005,1,151.89,0.2,47.35,121.51,74.16
6223,2024-03-20,1037,2009,3017,4004,11,96.61,0.0,58.51,1062.71,419.1
5807,2024-03-21,1029,2035,3019,4005,10,467.51,0.15,251.38,3973.84,1460.04
7140,2024-03-21,1072,2026,3007,4004,16,478.22,0.05,295.9,7268.94,2534.54
5160,2024-03-21,1082,2005,3013,4005,16,277.32,0.2,150.53,3549.7,1141.22
5511,2024-03-22,1063,2042,3006,4005,13,146.79,0.15,77.38,1622.03,616.09
6054,2024-03-22,1051,2016,3021,4002,15,87.8,0.1,226.8,1185.3,-2216.7
6725,2024-03-22,1089,2016,3015,4001,11,438.63,0.1,150.99,4342.44,2681.55
5816,2024-03-22,1021,2005,3004,4001,13,62.83,0.2,87.05,653.43,-478.22
6699,2024-03-22,1021,2036,3005,4002,17,323.94,0.1,110.19,4956.28,3083.05
5695,2024-03-22,1078,2030,3016,4005,13,60.4,0.2,225.55,628.16,-2303.99
5521,2024-03-22,1079,2047,3021,4005,10,419.46,0.1,258.36,3775.14,1191.54
6722,2024-03-23,1002,2001,3019,4001,16,239.13,0.0,187.2,3826.08,830.88
6960,2024-03-23,1049,2046,3011,4005,12,290.28,0.05,22.65,3309.19,3037.39
7102,2024-03-23,1087,2042,3007,4001,18,114.03,0.0,180.9,2052.54,-1203.66
6823,2024-03-24,1090,2002,3016,4002,10,424.01,0.2,228.91,3392.08,1102.98
5384,2024-03-24,1074,2034,3021,4003,17,405.95,0.1,103.08,6211.04,4458.68
6027,2024-03-24,1025,2023,3009,4002,13,437.23,0.2,49.56,4547.19,3902.91
6913,2024-03-24,1093,2009,3009,4003,13,389.21,0.15,134.03,4300.77,2558.38
5217,2024-03-24,1093,2018,3015,4002,11,312.35,0.0,140.22,3435.85,1893.43
6102,2024-03-24,1012,2013,3009,4002,11,156.06,0.0,98.02,1716.66,638.44
7156,2024-03-24,1065,2003,3009,4005,13,242.98,0.2,22.71,2526.99,2231.76
6824,2024-03-25,1043,2024,3005,4001,15,56.97,0.0,207.8,854.55,-2262.45
6016,2024-03-25,1075,2037,3003,4002,17,376.29,0.15,268.66,5437.39,870.17
6773,2024-03-26,1002,2019,3024,4002,19,256.07,0.2,129.21,3892.26,1437.27
7104,2024-03-26,1008,2011,3012,4001,7,80.57,0.15,96.53,479.39,-196.32
7337,2024-03-26,1038,2050,3014,4003,2,414.53,0.15,141.66,704.7,421.38
6188,2024-03-26,1055,2037,3015,4003,17,295.41,0.15,39.41,4268.67,3598.7
5648,2024-03-26,1044,2026,3006,4005,7,308.28,0.0,238.3,2157.96,489.86
6932,2024-03-27,1023,2033,3001,4002,17,454.99,0.1,87.21,6961.35,5478.78
6323,2024-03-27,1028,2028,3025,4003,13,451.45,0.0,220.75,5868.85,2999.1
5926,2024-03-27,1050,2017,3009,4005,19,154.55,0.15,192.17,2495.98,-1155.25
6652,2024-03-28,1056,2022,3020,4003,8,110.49,0.0,156.51,883.92,-368.16
6095,2024-03-28,1039,2028,3008,4003,3,460.06,0.2,145.08,1104.14,668.9
5427,2024-03-28,1098,2026,3012,4002,4,97.58,0.05,59.41,370.8,133.16
6272,2024-03-28,1009,2038,3024,4005,2,72.51,0.1,131.62,130.52,-132.72
6050,2024-03-28,1064,2040,3020,4004,4,55.29,0.1,263.17,199.04,-853.64
6776,2024-03-28,1020,2002,3002,4004,4,316.49,0.15,27.41,1076.07,966.43
5570,2024-03-28,1006,2017,3013,4001,1,259.18,0.05,23.54,246.22,222.68
5569,2024-03-28,1041,2035,3004,4005,7,407.23,0.05,235.05,2708.08,1062.73
5957,2024-03-29,1055,2004,3002,4002,15,263.45,0.0,133.44,3951.75,1950.15
5285,2024-03-29,1061,2038,3021,4001,11,275.61,0.2,128.74,2425.37,1009.23
5630,2024-03-29,1047,2049,3010,4001,16,56.73,0.15,147.82,771.53,-1593.59
6647,2024-03-29,1018,2009,3017,4003,5,331.64,0.0,21.13,1658.2,1552.55
6228,2024-03-30,1079,2018,3001,4005,19,262.37,0.1,104.18,4486.53,2507.11
6919,2024-03-30,1048,2043,3011,4002,12,58.17,0.15,148.94,593.33,-1193.95
6419,2024-03-30,1022,2006,3011,4002,12,483.03,0.2,218.99,4637.09,2009.21
6507,2024-03-30,1079,2035,3014,4005,2,473.08,0.1,252.38,851.54,346.78
7173,2024-03-30,1012,2007,3025,4002,6,152.51,0.05,97.52,869.31,284.19
7134,2024-03-30,1030,2013,3007,4002,12,231.59,0.1,101.59,2501.17,1282.09
6420,2024-03-31,1017,2041,3014,4003,10,344.12,0.05,294.85,3269.14,320.64
7208,2024-03-31,1036,2029,3013,4002,9,94.45,0.15,123.08,722.54,-385.18
7129,2024-04-01,1023,2001,3023,4003,9,124.1,0.2,69.52,893.52,267.84
5635,2024-04-01,1038,2048,3003,4002,8,436.54,0.1,295.31,3143.09,780.61
7195,2024-04-01,1091,2047,3017,4003,7,116.27,0.0,93.59,813.89,158.76
7136,2024-04-02,1084,2049,3001,4002,13,126.45,0.1,148.37,1479.46,-449.35
6155,2024-04-02,1095,2017,3022,4002,8,446.06,0.0,26.35,3568.48,3357.68
5859,2024-04-03,1070,2047,3004,4005,12,116.66,0.1,154.94,1259.93,-599.35
6990,2024-04-04,1022,2011,3015,4004,16,169.33,0.1,284.09,2438.35,-2107.09
5277,2024-04-04,1033,2016,3008,4001,17,326.38,0.15,131.67,4716.19,2477.8
5029,2024-04-04,1055,2043,3023,4004,18,380.52,0.15,42.06,5821.96,5064.88
6763,2024-04-04,1037,2006,3025,4001,4,345.87,0.05,222.25,1314.31,425.31
6922,2024-04-04,1044,2050,3022,4005,3,229.61,0.1,100.77,619.95,317.64
6483,2024-04-04,1003,2027,3022,4004,15,409.41,0.05,156.7,5834.09,3483.59
7170,2024-04-05,1015,2041,3001,4003,4,252.56,0.15,160.07,858.7,218.42
7257,2024-04-05,1002,2003,3003,4001,5,332.21,0.05,69.73,1578.0,1229.35
6803,2024-04-05,1044,2006,3013,4001,14,354.23,0.2,169.79,3967.38,1590.32
7359,2024-04-05,1008,2031,3005,4003,2,413.76,0.0,175.87,827.52,475.78
5638,2024-04-05,1100,2049,3011,4004,9,369.61,0.2,256.1,2661.19,356.29
6957,2024-04-05,1030,2038,3013,4003,15,425.66,0.0,276.15,6384.9,2242.65
6813,2024-04-06,1001,2027,3011,4005,15,229.05,0.1,93.78,3092.18,1685.48
6963,2024-04-06,1090,2042,3017,4002,5,268.62,0.0,233.21,1343.1,177.05
5981,2024-04-06,1012,2032,3005,4001,3,432.11,0.0,171.46,1296.33,781.95
7420,2024-04-06,1049,2050,3008,4003,2,82.12,0.2,73.88,131.39,-16.37
5823,2024-04-06,1063,2031,3005,4002,15,344.26,0.15,136.66,4389.31,2339.41
5956,2024-04-06,1095,2047,3014,4001,2,327.25,0.15,234.21,556.32,87.9
6488,2024-04-07,1034,2003,3001,4003,2,136.86,0.05,44.79,260.03,170.45
6787,2024-04-07,1012,2014,3008,4004,10,432.15,0.05,154.04,4105.42,2565.02
7205,2024-04-07,1025,2045,3023,4005,9,103.83,0.05,63.28,887.75,318.23
6538,2024-04-07,1072,2045,3018,4003,13,286.99,0.0,199.69,3730.87,1134.9
5219,2024-04-07,1018,2011,3007,4005,1,477.09,0.15,62.21,405.53,343.32
5880,2024-04-09,1071,2049,3018,4001,1,325.54,0.0,90.99,325.54,234.55
7332,2024-04-09,1082,2032,3014,4002,17,277.87,0.15,232.11,4015.22,69.35
6630,2024-04-09,1012,2014,3011,4005,16,484.88,0.05,156.82,7370.18,4861.06
5992,2024-04-09,1086,2002,3017,4005,13,393.19,0.2,106.04,4089.18,2710.66
5073,2024-04-09,1069,2038,3004,4003,7,60.67,0.0,265.42,424.69,-1433.25
6400,2024-04-09,1096,2003,3018,4001,19,143.49,0.15,29.99,2317.36,1747.55
5162,2024-04-09,1024,2006,3006,4005,8,412.51,0.05,48.98,3135.08,2743.24
6526,2024-04-09,1071,2045,3013,4002,18,433.56,0.05,93.03,7413.88,5739.34
6542,2024-04-09,1081,2005,3008,4005,4,440.49,0.1,150.48,1585.76,983.84
5725,2024-04-10,1006,2010,3011,4005,1,420.45,0.05,270.34,399.43,129.09
6075,2024-04-10,1036,2030,3004,4001,9,234.28,0.2,101.18,1686.82,776.2
6361,2024-04-10,1060,2011,3023,4005,18,432.63,0.05,127.44,7397.97,5104.05
5306,2024-04-10,1087,2040,3021,4004,11,289.54,0.05,24.38,3025.69,2757.51
6434,2024-04-10,1052,2018,3016,4004,9,169.49,0.2,210.56,1220.33,-674.71
6163,2024-04-11,1031,2047,3014,4004,8,320.7,0.2,137.55,2052.48,952.08
5597,2024-04-11,1040,2028,3024,4004,1,108.88,0.2,265.82,87.1,-178.72
5622,2024-04-12,1070,2026,3023,4003,6,291.48,0.2,284.62,1399.1,-308.62
6191,2024-04-12,1034,2028,3025,4004,4,277.4,0.0,227.07,1109.6,201.32
7448,2024-04-12,1073,2004,3007,4004,17,128.75,0.05,201.88,2079.31,-1352.65
6280,2024-04-12,1017,2028,3001,4001,17,431.94,0.2,229.09,5874.38,1979.85
6133,2024-04-12,1026,2044,3024,4001,12,207.71,0.1,151.13,2243.27,429.71
7385,2024-04-13,1024,2049,3014,4004,15,262.76,0.0,152.16,3941.4,1659.0
7077,2024-04-13,1049,2048,3007,4001,17,484.61,0.0,56.9,8238.37,7271.07
7012,2024-04-13,1100,2049,3003,4002,18,350.57,0.2,125.33,5048.21,2792.27
5364,2024-04-13,1027,2032,3002,4005,11,421.13,0.2,147.38,3705.94,2084.76
6496,2024-04-14,1015,2034,3008,4003,12,249.38,0.05,47.33,2842.93,2274.97
5368,2024-04-14,1098,2004,3010,4005,11,73.1,0.0,171.54,804.1,-1082.84
5116,2024-04-14,1061,2047,3015,4003,18,448.1,0.15,252.83,6855.93,2304.99
6262,2024-04-15,1090,2047,3018,4003,6,212.24,0.1,124.79,1146.1,397.36
5804,2024-04-15,1031,2010,3009,4005,9,391.77,0.05,117.37,3349.63,2293.3
5050,2024-04-15,1001,2034,3020,4002,11,197.25,0.2,247.98,1735.8,-991.98
6701,2024-04-15,1097,2032,3025,4005,9,263.21,0.15,80.44,2013.56,1289.6
6718,2024-04-16,1060,2033,3011,4003,15,61.42,0.1,26.42,829.17,432.87
5479,2024-04-16,1093,2013,3001,4005,17,299.27,0.2,151.1,4070.07,1501.37
6933,2024-04-17,1080,2046,3001,4001,2,359.68,0.05,224.15,683.39,235.09
6259,2024-04-17,1074,2035,3012,4002,6,122.77,0.15,92.55,626.13,70.83
6120,2024-04-17,1021,2026,3006,4004,10,159.04,0.15,120.55,1351.84,146.34
6786,2024-04-17,1078,2023,3007,4001,15,326.59,0.05,126.16,4653.91,2761.51
5718,2024-04-17,1066,2012,3018,4002,7,326.34,0.15,115.29,1941.72,1134.69
5282,2024-04-18,1045,2024,3011,4004,15,133.84,0.1,156.34,1806.84,-538.26
6799,2024-04-18,1056,2029,3004,4002,8,73.56,0.05,21.82,559.06,384.5
6086,2024-04-18,1073,2010,3020,4003,8,53.25,0.1,251.86,383.4,-1631.48
5092,2024-04-18,1034,2019,3016,4005,2,410.64,0.15,68.83,698.09,560.43
7340,2024-04-20,1042,2025,3004,4005,15,240.75,0.0,55.78,3611.25,2774.55
6760,2024-04-20,1037,2027,3010,4005,19,124.65,0.05,79.24,2249.93,744.37
5624,2024-04-20,1068,2008,3010,4002,7,347.57,0.2,32.57,1946.39,1718.4
5617,2024-04-20,1026,2025,3006,4004,18,355.33,0.05,124.29,6076.14,3838.92
7070,2024-04-20,1073,2047,3002,4003,18,185.01,0.0,148.39,3330.18,659.16
5825,2024-04-20,1055,2049,3004,4001,16,52.4,0.0,166.97,838.4,-1833.12
6383,2024-04-20,1066,2027,3006,4005,12,411.2,0.0,262.53,4934.4,1784.04
5568,2024-04-21,1042,2004,3003,4002,5,239.62,0.15,88.66,1018.38,575.08
5815,2024-04-21,1046,2038,3009,4002,8,129.67,0.0,191.23,1037.36,-492.48
6266,2024-04-21,1005,2024,3023,4001,4,433.86,0.05,235.33,1648.67,707.35
5756,2024-04-21,1100,2037,3015,4001,14,306.81,0.05,292.55,4080.57,-15.13
7258,2024-04-22,1011,2021,3008,4005,1,201.37,0.15,64.57,171.16,106.59
5671,2024-04-22,1078,2013,3019,4003,2,76.18,0.0,44.48,152.36,63.4
7356,2024-04-22,1028,2020,3005,4003,8,164.16,0.2,41.39,1050.62,719.5
5704,2024-04-23,1072,2002,3013,4005,10,63.69,0.05,235.43,605.05,-1749.25
7377,2024-04-23,1077,2048,3006,4005,3,452.54,0.15,152.14,1153.98,697.56
7239,2024-04-23,1018,2039,3017,4003,16,267.9,0.2,175.54,3429.12,620.48
5263,2024-04-23,1058,2006,3016,4003,18,280.48,0.1,288.78,4543.78,-654.26
6346,2024-04-24,1092,2007,3015,4002,3,230.85,0.15,192.97,588.67,9.76
5146,2024-04-24,1075,2017,3013,4002,19,206.48,0.1,91.99,3530.81,1783.0
6018,2024-04-24,1018,2040,3019,4005,3,167.18,0.0,120.04,501.54,141.42
6927,2024-04-25,1087,2049,3014,4005,1,195.79,0.15,74.65,166.42,91.77
6775,2024-04-25,1037,2005,3019,4001,6,361.68,0.1,134.13,1953.07,1148.29
5924,2024-04-25,1092,2028,3009,4001,15,356.82,0.2,113.59,4281.84,2577.99
6198,2024-04-25,1099,2035,3020,4004,6,138.05,0.2,163.63,662.64,-319.14
6989,2024-04-25,1013,2022,3009,4004,6,107.7,0.0,41.87,646.2,394.98
5984,2024-04-26,1037,2022,3008,4003,9,111.31,0.15,161.68,851.52,-603.6
6047,2024-04-26,1092,2038,3022,4005,10,68.22,0.15,75.81,579.87,-178.23
7046,2024-04-26,1002,2039,3005,4001,16,373.04,0.2,192.42,4774.91,1696.19
5476,2024-04-26,1096,2039,3020,4001,3,60.79,0.2,234.03,145.9,-556.19
5733,2024-04-26,1029,2039,3007,4004,9,443.53,0.0,124.26,3991.77,2873.43
6058,2024-04-26,1029,2026,3002,4003,16,474.05,0.2,260.5,6067.84,1899.84
7397,2024-04-26,1007,2019,3003,4001,17,477.48,0.2,103.18,6493.73,4739.67
6373,2024-04-27,1039,2026,3003,4002,4,107.32,0.2,186.0,343.42,-400.58
6131,2024-04-28,1059,2006,3022,4002,6,162.53,0.0,229.8,975.18,-403.62
6985,2024-04-28,1001,2015,3018,4004,17,323.43,0.2,137.21,4398.65,2066.08
7089,2024-04-29,1067,2022,3001,4001,7,69.05,0.2,51.77,386.68,24.29
5751,2024-04-29,1097,2043,3008,4002,4,383.81,0.05,44.27,1458.48,1281.4
5251,2024-04-29,1061,2033,3020,4004,1,221.09,0.2,234.3,176.87,-57.43
5253,2024-04-29,1039,2024,3025,4005,5,348.42,0.05,241.12,1655.0,449.4
6174,2024-04-29,1055,2017,3025,4003,17,399.59,0.05,39.21,6453.38,5786.81
5574,2024-04-29,1098,2001,3016,4005,6,326.93,0.0,231.64,1961.58,571.74
5871,2024-04-29,1081,2034,3007,4005,12,141.2,0.1,249.36,1524.96,-1467.36
7446,2024-04-30,1018,2001,3012,4005,3,311.19,0.05,296.58,886.89,-2.85
7482,2024-04-30,1092,2038,3024,4005,4,378.17,0.1,293.11,1361.41,188.97
6554,2024-04-30,1089,2040,3021,4001,7,369.45,0.0,156.08,2586.15,1493.59
7469,2024-05-01,1021,2040,3019,4001,1,66.6,0.15,176.63,56.61,-120.02
5594,2024-05-01,1009,2029,3002,4005,16,468.66,0.1,221.4,6748.7,3206.3
5200,2024-05-01,1052,2006,3013,4001,7,233.23,0.05,33.39,1550.98,1317.25
5637,2024-05-01,1011,2020,3011,4004,12,182.32,0.05,265.4,2078.45,-1106.35
5855,2024-05-02,1024,2009,3001,4002,9,166.17,0.2,295.95,1196.42,-1467.13
6482,2024-05-02,1069,2048,3024,4002,16,82.04,0.15,73.75,1115.74,-64.26
6809,2024-05-02,1080,2026,3007,4005,2,443.74,0.0,44.49,887.48,798.5
5682,2024-05-03,1060,2012,3015,4004,7,411.75,0.2,240.96,2305.8,619.08
5325,2024-05-03,1028,2005,3017,4001,4,85.22,0.15,41.8,289.75,122.55
5931,2024-05-04,1057,2006,3020,4005,16,103.65,0.05,123.91,1575.48,-407.08
6500,2024-05-05,1060,2029,3023,4003,9,315.15,0.0,282.89,2836.35,290.34
7072,2024-05-05,1097,2023,3013,4002,19,321.91,0.05,247.08,5810.48,1115.96
5925,2024-05-05,1032,2005,3012,4003,8,497.08,0.05,266.75,3777.81,1643.81
7247,2024-05-05,1002,2007,3017,4001,15,61.24,0.05,126.73,872.67,-1028.28
7490,2024-05-06,1052,2043,3025,4001,1,200.69,0.0,48.42,200.69,152.27
5297,2024-05-07,1047,2015,3022,4002,14,300.58,0.2,290.31,3366.5,-697.84
6946,2024-05-07,1034,2030,3002,4005,8,324.28,0.15,29.01,2205.1,1973.02
6342,2024-05-08,1088,2041,3010,4002,10,439.44,0.1,87.13,3954.96,3083.66
6586,2024-05-08,1022,2036,3024,4005,8,202.52,0.15,280.74,1377.14,-868.78
6130,2024-05-09,1015,2041,3020,4004,7,403.87,0.05,224.36,2685.74,1115.22
6284,2024-05-09,1099,2047,3022,4005,7,194.83,0.1,81.41,1227.43,657.56
7327,2024-05-09,1055,2001,3023,4001,13,455.55,0.05,178.75,5626.04,3302.29
7339,2024-05-10,1021,2006,3013,4001,12,252.78,0.0,121.53,3033.36,1575.0
5814,2024-05-10,1001,2049,3020,4002,16,167.1,0.0,62.33,2673.6,1676.32
6157,2024-05-10,1039,2026,3020,4004,19,480.95,0.05,212.15,8681.15,4650.3
5894,2024-05-10,1045,2047,3022,4001,12,125.66,0.2,267.86,1206.34,-2007.98
5644,2024-05-11,1010,2008,3019,4005,9,276.7,0.0,149.59,2490.3,1143.99
6104,2024-05-11,1044,2008,3024,4003,16,189.27,0.1,56.92,2725.49,1814.77
6650,2024-05-12,1037,2032,3003,4002,12,300.56,0.15,194.83,3065.71,727.75
5245,2024-05-12,1045,2033,3009,4002,9,251.84,0.05,289.91,2153.23,-455.96
6889,2024-05-12,1093,2010,3016,4002,7,261.75,0.05,177.8,1740.64,496.04
5194,2024-05-12,1083,2016,3013,4005,16,60.16,0.0,229.04,962.56,-2702.08
5696,2024-05-12,1026,2045,3002,4002,13,217.85,0.15,193.84,2407.24,-112.68
5296,2024-05-12,1018,2022,3019,4003,12,381.21,0.0,25.41,4574.52,4269.6
6665,2024-05-13,1076,2017,3010,4001,15,79.63,0.2,84.8,955.56,-316.44
5312,2024-05-13,1016,2003,3017,4005,3,374.15,0.1,88.55,1010.2,744.55
6212,2024-05-14,1005,2009,3007,4004,8,87.0,0.1,114.57,626.4,-290.16
5835,2024-05-14,1057,2026,3010,4003,13,464.88,0.05,159.6,5741.27,3666.47
5692,2024-05-14,1037,2027,3014,4001,16,355.92,0.1,82.93,5125.25,3798.37
5183,2024-05-15,1100,2024,3017,4001,11,257.96,0.15,164.41,2411.93,603.42
5851,2024-05-15,1043,2023,3007,4003,1,251.43,0.0,169.06,251.43,82.37
5413,2024-05-15,1094,2044,3015,4001,3,375.04,0.15,217.35,956.35,304.3
6411,2024-05-16,1020,2048,3011,4002,7,468.08,0.0,275.12,3276.56,1350.72
7465,2024-05-16,1039,2033,3019,4004,8,201.52,0.2,107.42,1289.73,430.37
6153,2024-05-16,1093,2012,3025,4005,3,95.17,0.2,236.78,228.41,-481.93
5799,2024-05-16,1068,2001,3022,4003,1,264.48,0.15,239.98,224.81,-15.17
5919,2024-05-17,1083,2047,3002,4001,4,82.84,0.0,169.03,331.36,-344.76
5858,2024-05-17,1052,2013,3021,4001,6,153.48,0.0,81.51,920.88,431.82
6505,2024-05-17,1053,2020,3003,4001,5,299.76,0.0,61.33,1498.8,1192.15
7200,2024-05-17,1020,2049,3008,4002,10,315.61,0.15,279.88,2682.69,-116.11
5935,2024-05-18,1059,2048,3019,4002,11,64.34,0.0,209.86,707.74,-1600.72
6056,2024-05-18,1036,2002,3001,4002,3,356.05,0.1,24.73,961.34,887.15
6393,2024-05-19,1088,2018,3011,4004,11,90.98,0.15,80.67,850.66,-36.71
5132,2024-05-20,1002,2039,3006,4002,3,489.21,0.2,46.95,1174.1,1033.25
7233,2024-05-20,1096,2036,3005,4001,18,450.48,0.15,62.33,6892.34,5770.4
6026,2024-05-20,1037,2040,3005,4001,5,198.77,0.2,174.26,795.08,-76.22
6759,2024-05-20,1028,2005,3007,4004,18,451.15,0.05,189.69,7714.66,4300.24
5604,2024-05-21,1092,2022,3003,4003,17,290.12,0.15,268.34,4192.23,-369.55
5832,2024-05-21,1009,2011,3007,4004,14,181.18,0.05,258.22,2409.69,-1205.39
7393,2024-05-21,1011,2016,3009,4002,11,146.78,0.1,251.12,1453.12,-1309.2
6181,2024-05-22,1025,2020,3003,4003,2,108.71,0.15,41.53,184.81,101.75
6069,2024-05-22,1055,2029,3012,4005,5,465.0,0.1,147.57,2092.5,1354.65
6303,2024-05-23,1079,2036,3007,4002,1,370.86,0.05,47.98,352.32,304.34
7108,2024-05-23,1036,2019,3013,4001,10,478.21,0.15,40.43,4064.78,3660.48
7110,2024-05-24,1077,2028,3025,4005,13,400.82,0.0,103.74,5210.66,3862.04
7321,2024-05-24,1099,2037,3016,4004,16,99.76,0.1,29.93,1436.54,957.66
6684,2024-05-24,1036,2006,3024,4005,13,85.95,0.1,90.16,1005.62,-166.46
6255,2024-05-24,1020,2017,3004,4004,10,277.28,0.2,172.48,2218.24,493.44
7380,2024-05-24,1043,2038,3024,4001,16,348.7,0.0,32.54,5579.2,5058.56
7378,2024-05-25,1072,2035,3008,4004,16,371.8,0.0,258.77,5948.8,1808.48
6093,2024-05-25,1042,2014,3008,4002,2,70.47,0.1,185.23,126.85,-243.61
7375,2024-05-25,1087,2011,3025,4004,7,99.04,0.15,158.26,589.29,-518.53
6124,2024-05-25,1070,2038,3017,4001,9,442.61,0.0,240.25,3983.49,1821.24
7015,2024-05-26,1074,2021,3020,4003,12,79.53,0.2,91.98,763.49,-340.27
5113,2024-05-26,1035,2018,3017,4005,19,341.84,0.15,130.78,5520.72,3035.9
7187,2024-05-26,1007,2018,3024,4004,8,343.64,0.0,77.23,2749.12,2131.28
5165,2024-05-27,1096,2039,3003,4002,9,401.35,0.05,207.58,3431.54,1563.32
6692,2024-05-27,1039,2047,3007,4004,8,147.17,0.15,106.06,1000.76,152.28
7439,2024-05-27,1032,2023,3014,4001,6,171.3,0.0,171.77,1027.8,-2.82
6024,2024-05-27,1034,2035,3020,4001,14,167.79,0.2,141.44,1879.25,-100.91
6810,2024-05-28,1050,2020,3012,4002,7,465.84,0.2,203.64,2608.7,1183.22
6338,2024-05-28,1091,2015,3023,4004,16,395.28,0.2,142.75,5059.58,2775.58
6936,2024-05-29,1025,2048,3004,4002,12,473.89,0.15,295.29,4833.68,1290.2
7295,2024-05-29,1071,2003,3004,4003,10,188.76,0.0,296.45,1887.6,-1076.9
5326,2024-05-29,1092,2011,3011,4001,19,470.04,0.1,73.68,8037.68,6637.76
6184,2024-05-29,1033,2012,3016,4005,15,451.96,0.1,246.5,6101.46,2403.96
6969,2024-05-29,1074,2039,3002,4004,5,473.18,0.05,69.63,2247.6,1899.45
7269,2024-05-29,1073,2016,3022,4001,1,366.33,0.2,190.38,293.06,102.68
6489,2024-05-30,1061,2044,3019,4001,12,447.23,0.2,274.28,4293.41,1002.05
7419,2024-05-31,1067,2012,3006,4005,2,102.0,0.0,146.52,204.0,-89.04
6817,2024-05-31,1005,2003,3018,4003,13,458.09,0.0,169.75,5955.17,3748.42
5632,2024-05-31,1090,2040,3006,4002,17,160.23,0.05,118.53,2587.71,572.7
5412,2024-06-01,1005,2044,3006,4001,12,472.44,0.1,150.81,5102.35,3292.63
6527,2024-06-01,1017,2020,3011,4002,13,390.45,0.1,243.78,4568.26,1399.12
5019,2024-06-01,1008,2044,3015,4004,11,454.75,0.2,96.23,4001.8,2943.27
7384,2024-06-01,1099,2050,3023,4001,12,355.42,0.0,111.93,4265.04,2921.88
5794,2024-06-02,1097,2037,3002,4003,9,147.71,0.0,67.63,1329.39,720.72
5375,2024-06-02,1081,2012,3024,4001,11,173.42,0.1,177.56,1716.86,-236.3
6145,2024-06-03,1014,2036,3021,4004,17,310.25,0.2,209.22,4219.4,662.66
6897,2024-06-03,1011,2006,3004,4004,2,394.98,0.0,299.98,789.96,190.0
7042,2024-06-03,1078,2046,3001,4004,16,208.01,0.05,37.92,3161.75,2555.03
5172,2024-06-03,1099,2006,3006,4002,15,234.25,0.2,280.69,2811.0,-1399.35
6797,2024-06-03,1039,2008,3024,4003,19,316.06,0.2,149.87,4804.11,1956.58
6783,2024-06-03,1069,2020,3021,4003,17,441.52,0.15,205.58,6379.96,2885.1
5538,2024-06-03,1023,2004,3004,4001,1,357.81,0.1,42.95,322.03,279.08
5167,2024-06-03,1012,2050,3013,4004,11,72.53,0.05,77.3,757.94,-92.36
6582,2024-06-03,1030,2047,3023,4005,1,53.97,0.1,126.92,48.57,-78.35
7041,2024-06-03,1073,2036,3018,4003,7,263.47,0.1,174.5,1659.86,438.36
7462,2024-06-03,1099,2020,3023,4002,15,424.88,0.2,98.52,5098.56,3620.76
6881,2024-06-04,1015,2045,3025,4004,11,457.22,0.15,186.36,4275.01,2225.05
5330,2024-06-04,1027,2024,3017,4003,12,248.38,0.0,127.63,2980.56,1449.0
7227,2024-06-04,1079,2028,3011,4002,10,490.74,0.15,157.62,4171.29,2595.09
6139,2024-06-04,1017,2019,3012,4001,18,457.29,0.2,99.68,6584.98,4790.74
6126,2024-06-05,1025,2023,3001,4002,14,310.98,0.2,296.85,3482.98,-672.92
7437,2024-06-05,1016,2044,3010,4003,2,245.74,0.05,90.76,466.91,285.39
5494,2024-06-05,1001,2019,3022,4003,17,414.07,0.15,53.35,5983.31,5076.36
5131,2024-06-05,1046,2011,3012,4003,8,334.7,0.05,295.8,2543.72,177.32
7463,2024-06-05,1032,2050,3006,4004,19,359.65,0.05,59.43,6491.68,5362.51
6737,2024-06-06,1047,2020,3017,4004,11,189.97,0.1,210.28,1880.7,-432.38
6741,2024-06-06,1067,2023,3007,4001,4,76.16,0.0,123.29,304.64,-188.52
5573,2024-06-07,1064,2032,3005,4004,8,229.6,0.05,238.46,1744.96,-162.72
5513,2024-06-07,1061,2009,3014,4001,10,126.37,0.0,280.01,1263.7,-1536.4
6656,2024-06-08,1074,2047,3020,4001,2,202.79,0.0,221.69,405.58,-37.8
6485,2024-06-09,1058,2037,3018,4003,12,376.44,0.15,242.76,3839.69,926.57
7149,2024-06-09,1097,2049,3019,4002,14,409.67,0.2,111.22,4588.3,3031.22
6958,2024-06-09,1018,2001,3017,4003,2,392.81,0.2,109.79,628.5,408.92
6082,2024-06-10,1073,2031,3013,4001,8,94.4,0.2,59.37,604.16,129.2
5241,2024-06-10,1086,2025,3008,4005,6,486.76,0.15,281.38,2482.48,794.2
7086,2024-06-11,1008,2044,3022,4001,19,193.07,0.05,249.9,3484.91,-1263.19
7451,2024-06-11,1078,2040,3023,4004,1,477.63,0.2,258.4,382.1,123.7
7020,2024-06-11,1074,2047,3001,4002,18,240.61,0.0,219.55,4330.98,379.08
7351,2024-06-11,1097,2011,3019,4005,13,437.42,0.15,290.11,4833.49,1062.06
7376,2024-06-11,1008,2030,3011,4001,15,162.83,0.2,129.38,1953.96,13.26
5579,2024-06-11,1033,2040,3016,4002,10,294.06,0.2,63.51,2352.48,1717.38
6951,2024-06-12,1029,2019,3024,4005,11,474.37,0.05,75.37,4957.17,4128.1
5846,2024-06-13,1082,2037,3024,4002,19,257.09,0.1,269.0,4396.24,-714.76
5218,2024-06-13,1075,2032,3013,4005,6,230.74,0.15,261.26,1176.77,-390.79
7260,2024-06-13,1031,2036,3004,4002,14,64.45,0.15,263.64,766.96,-2924.0
5616,2024-06-14,1008,2022,3005,4003,15,388.07,0.2,296.53,4656.84,208.89
7188,2024-06-14,1052,2048,3005,4002,13,325.44,0.05,88.95,4019.18,2862.83
6090,2024-06-14,1089,2020,3022,4005,2,490.22,0.2,156.02,784.35,472.31
7272,2024-06-14,1007,2040,3025,4003,10,376.75,0.05,180.07,3579.12,1778.42
7281,2024-06-15,1093,2015,3020,4005,6,204.54,0.0,152.23,1227.24,313.86
7447,2024-06-15,1055,2007,3018,4003,10,83.28,0.15,143.09,707.88,-723.02
7112,2024-06-15,1031,2008,3002,4001,17,254.73,0.2,55.75,3464.33,2516.58
6048,2024-06-15,1062,2016,3016,4003,19,231.3,0.05,38.27,4174.96,3447.83
5523,2024-06-16,1056,2038,3003,4002,16,133.77,0.0,232.43,2140.32,-1578.56
5643,2024-06-17,1050,2049,3009,4002,12,315.99,0.0,41.18,3791.88,3297.72
6494,2024-06-17,1012,2009,3002,4001,10,216.82,0.2,171.04,1734.56,24.16
5809,2024-06-18,1040,2047,3006,4004,18,276.44,0.15,166.63,4229.53,1230.19
5351,2024-06-19,1005,2003,3004,4001,7,98.11,0.2,117.27,549.42,-271.47
6826,2024-06-19,1030,2038,3003,4005,15,51.1,0.15,88.24,651.52,-672.08
5954,2024-06-19,1085,2028,3018,4004,3,425.26,0.0,30.28,1275.78,1184.94
6728,2024-06-20,1035,2013,3009,4003,14,398.82,0.05,120.5,5304.31,3617.31
7492,2024-06-20,1050,2020,3010,4002,15,467.23,0.1,139.85,6307.6,4209.85
6825,2024-06-20,1074,2010,3016,4001,11,172.81,0.1,200.22,1710.82,-491.6
7036,2024-06-20,1092,2045,3019,4001,1,443.41,0.0,94.71,443.41,348.7
5897,2024-06-21,1016,2036,3025,4004,18,491.64,0.05,237.74,8407.04,4127.72
6479,2024-06-22,1006,2040,3023,4001,13,247.75,0.15,198.33,2737.64,159.35
7039,2024-06-22,1011,2032,3002,4004,15,134.23,0.2,49.96,1610.76,861.36
6190,2024-06-22,1042,2039,3024,4005,18,385.48,0.1,172.29,6244.78,3143.56
7248,2024-06-22,1060,2028,3012,4004,12,229.78,0.15,221.29,2343.76,-311.72
6899,2024-06-23,1072,2038,3007,4004,17,380.36,0.1,139.87,5819.51,3441.72
6876,2024-06-23,1088,2025,3022,4003,19,198.29,0.15,256.03,3202.38,-1662.19
6666,2024-06-23,1049,2041,3009,4004,16,329.98,0.1,90.49,4751.71,3303.87
5204,2024-06-24,1023,2036,3001,4004,1,278.78,0.2,71.78,223.02,151.24
7000,2024-06-24,1042,2001,3008,4002,15,461.96,0.0,39.85,6929.4,6331.65
6937,2024-06-24,1036,2034,3018,4004,12,147.28,0.2,88.55,1413.89,351.29
5390,2024-06-25,1073,2005,3020,4004,3,218.97,0.1,188.76,591.22,24.94
5147,2024-06-25,1029,2045,3017,4004,15,444.39,0.15,193.05,5665.97,2770.22
7177,2024-06-26,1082,2019,3021,4002,8,322.28,0.1,31.5,2320.42,2068.42
5179,2024-06-27,1013,2025,3003,4001,4,290.69,0.1,91.37,1046.48,681.0
5327,2024-06-27,1041,2012,3004,4003,17,213.41,0.2,275.16,2902.38,-1775.34
6337,2024-06-27,1040,2011,3005,4004,16,382.08,0.15,86.17,5196.29,3817.57
5873,2024-06-27,1049,2022,3010,4001,7,75.58,0.15,155.73,449.7,-640.41
6242,2024-06-27,1063,2013,3018,4005,19,354.69,0.15,49.06,5728.24,4796.1
6524,2024-06-27,1094,2001,3011,4001,8,335.3,0.0,72.99,2682.4,2098.48
5626,2024-06-27,1084,2042,3015,4004,11,452.94,0.2,138.59,3985.87,2461.38
6626,2024-06-27,1075,2037,3021,4003,6,104.73,0.0,177.98,628.38,-439.5
6740,2024-06-27,1010,2044,3004,4003,10,356.07,0.0,248.89,3560.7,1071.8
5196,2024-06-29,1069,2031,3018,4004,4,182.3,0.15,226.22,619.82,-285.06
6689,2024-06-29,1034,2049,3022,4003,7,325.49,0.0,229.41,2278.43,672.56
5789,2024-06-29,1090,2033,3022,4004,16,106.08,0.0,281.56,1697.28,-2807.68
7464,2024-06-29,1094,2048,3017,4005,16,59.52,0.05,211.45,904.7,-2478.5
5909,2024-06-30,1063,2028,3022,4002,3,92.41,0.15,266.2,235.65,-562.95
6208,2024-06-30,1010,2031,3009,4005,1,179.9,0.2,141.16,143.92,2.76
6924,2024-06-30,1015,2045,3002,4002,19,433.08,0.2,282.98,6582.82,1206.2
7293,2024-06-30,1086,2038,3003,4001,13,171.83,0.15,78.21,1898.72,881.99
5089,2024-06-30,1010,2034,3024,4002,1,476.92,0.05,245.61,453.07,207.46
5707,2024-06-30,1032,2033,3017,4004,13,93.63,0.15,173.05,1034.61,-1215.04
7017,2024-07-02,1018,2007,3009,4004,6,394.18,0.1,115.1,2128.57,1437.97
5889,2024-07-02,1062,2001,3022,4002,10,422.56,0.0,129.43,4225.6,2931.3
5276,2024-07-03,1056,2034,3011,4002,4,181.05,0.0,159.42,724.2,86.52
6359,2024-07-03,1027,2031,3008,4004,17,70.96,0.15,207.58,1025.37,-2503.49
5051,2024-07-03,1034,2020,3003,4003,15,158.99,0.05,235.11,2265.61,-1261.04
7399,2024-07-03,1051,2004,3001,4004,5,219.9,0.1,252.43,989.55,-272.6
5154,2024-07-03,1024,2029,3014,4003,19,359.05,0.15,38.65,5798.66,5064.31
5497,2024-07-03,1090,2020,3013,4003,4,372.04,0.05,89.97,1413.75,1053.87
5373,2024-07-04,1006,2032,3019,4001,15,72.88,0.0,214.49,1093.2,-2124.15
6397,2024-07-04,1030,2013,3024,4002,4,347.59,0.2,36.01,1112.29,968.25
5813,2024-07-05,1023,2049,3025,4005,15,95.36,0.0,236.74,1430.4,-2120.7
5688,2024-07-05,1060,2028,3014,4004,19,373.51,0.15,142.58,6032.19,3323.17
6156,2024-07-05,1094,2023,3025,4005,12,449.49,0.0,280.69,5393.88,2025.6
5122,2024-07-05,1033,2004,3009,4005,12,143.61,0.15,65.13,1464.82,683.26
5524,2024-07-05,1086,2036,3006,4004,18,106.55,0.1,47.32,1726.11,874.35
6898,2024-07-06,1099,2048,3021,4004,10,212.98,0.2,141.88,1703.84,285.04
5208,2024-07-06,1053,2043,3017,4004,11,99.68,0.15,185.61,932.01,-1109.7
5178,2024-07-06,1086,2024,3014,4002,10,219.17,0.15,54.41,1862.94,1318.84
5735,2024-07-06,1094,2003,3002,4001,19,472.36,0.05,74.61,8526.1,7108.51
6025,2024-07-06,1017,2002,3003,4002,4,280.67,0.2,148.04,898.14,305.98
5247,2024-07-06,1036,2004,3010,4004,16,115.87,0.1,233.43,1668.53,-2066.35
6335,2024-07-06,1040,2020,3013,4004,12,97.05,0.2,59.21,931.68,221.16
5656,2024-07-07,1073,2024,3011,4003,14,284.72,0.0,208.44,3986.08,1067.92
6404,2024-07-07,1060,2008,3014,4003,1,440.94,0.1,96.53,396.85,300.32
5290,2024-07-07,1075,2007,3006,4001,9,258.92,0.05,275.29,2213.77,-263.84
6461,2024-07-07,1032,2024,3015,4003,4,51.52,0.15,236.92,175.17,-772.51
6213,2024-07-08,1065,2038,3016,4001,11,238.22,0.15,40.06,2227.36,1786.7
5670,2024-07-09,1050,2011,3010,4005,9,90.02,0.15,253.41,688.65,-1592.04
5319,2024-07-09,1036,2039,3023,4003,14,83.64,0.15,27.28,995.32,613.4
7217,2024-07-09,1041,2011,3017,4004,9,473.86,0.15,90.62,3625.03,2809.45
6085,2024-07-09,1073,2032,3022,4005,3,285.07,0.15,101.28,726.93,423.09
6161,2024-07-10,1017,2025,3017,4004,19,418.34,0.2,182.18,6358.77,2897.35
5385,2024-07-10,1074,2004,3012,4001,12,279.6,0.0,177.58,3355.2,1224.24
7088,2024-07-10,1050,2030,3020,4003,9,378.82,0.15,85.71,2897.97,2126.58
7040,2024-07-11,1010,2005,3003,4005,4,397.99,0.05,101.93,1512.36,1104.64
6426,2024-07-11,1050,2012,3009,4004,3,384.11,0.1,233.27,1037.1,337.29
6003,2024-07-11,1009,2026,3015,4002,15,62.81,0.2,276.34,753.72,-3391.38
7120,2024-07-12,1012,2010,3014,4004,6,191.18,0.05,281.49,1089.73,-599.21
5437,2024-07-12,1098,2048,3003,4002,5,194.75,0.15,261.0,827.69,-477.31
5026,2024-07-12,1094,2032,3020,4001,12,105.16,0.2,209.96,1009.54,-1509.98
5010,2024-07-12,1086,2047,3023,4003,1,198.24,0.15,109.08,168.5,59.42
7323,2024-07-12,1011,2012,3020,4004,8,299.98,0.1,120.79,2159.86,1193.54
7065,2024-07-13,1039,2003,3012,4001,13,117.45,0.0,90.15,1526.85,354.9
5689,2024-07-13,1030,2005,3023,4005,16,378.32,0.0,175.28,6053.12,3248.64
6269,2024-07-13,1047,2025,3006,4004,19,371.26,0.05,282.98,6701.24,1324.62
6998,2024-07-15,1010,2028,3024,4005,13,389.9,0.1,226.7,4561.83,1614.73
5558,2024-07-15,1068,2021,3003,4003,4,476.36,0.2,179.31,1524.35,807.11
6519,2024-07-15,1003,2027,3006,4001,2,362.19,0.1,298.32,651.94,55.3
5634,2024-07-15,1064,2035,3024,4005,13,414.96,0.1,139.88,4855.03,3036.59
6099,2024-07-16,1051,2022,3023,4002,18,166.36,0.05,113.87,2844.76,795.1
5201,2024-07-16,1085,2044,3017,4002,15,154.52,0.15,89.01,1970.13,634.98
5876,2024-07-17,1092,2042,3012,4005,18,300.63,0.15,296.98,4599.64,-746.0
5286,2024-07-17,1047,2010,3021,4004,6,69.53,0.1,186.99,375.46,-746.48
7216,2024-07-17,1099,2004,3018,4004,1,167.05,0.0,68.34,167.05,98.71
7421,2024-07-17,1036,2004,3019,4005,7,392.25,0.0,270.35,2745.75,853.3
6073,2024-07-17,1056,2017,3009,4004,7,212.21,0.0,78.99,1485.47,932.54
6134,2024-07-18,1047,2029,3007,4005,18,436.47,0.15,261.31,6677.99,1974.41
7263,2024-07-18,1073,2022,3007,4002,1,145.57,0.2,167.14,116.46,-50.68
7240,2024-07-18,1093,2032,3018,4001,12,424.24,0.15,241.58,4327.25,1428.29
5428,2024-07-18,1038,2033,3015,4001,4,349.16,0.2,63.86,1117.31,861.87
7287,2024-07-18,1063,2012,3014,4002,9,237.07,0.0,166.17,2133.63,638.1
6535,2024-07-18,1086,2017,3023,4003,19,124.43,0.0,239.24,2364.17,-2181.39
6113,2024-07-18,1012,2041,3011,4005,3,367.52,0.0,216.45,1102.56,453.21
5441,2024-07-19,1088,2044,3025,4002,6,402.08,0.2,219.53,1929.98,612.8
6115,2024-07-19,1080,2049,3011,4001,8,298.78,0.15,136.97,2031.7,935.94
5976,2024-07-19,1020,2047,3006,4002,16,261.73,0.05,127.23,3978.3,1942.62
5055,2024-07-19,1001,2006,3008,4002,15,254.19,0.2,133.55,3050.28,1047.03
6160,2024-07-19,1059,2027,3011,4005,1,221.11,0.15,76.07,187.94,111.87
5401,2024-07-20,1095,2028,3002,4004,17,416.22,0.1,200.88,6368.17,2953.21
5872,2024-07-20,1084,2045,3002,4002,3,248.97,0.2,175.6,597.53,70.73
5914,2024-07-20,1055,2019,3020,4005,19,389.43,0.15,71.67,6289.29,4927.56
7415,2024-07-20,1073,2028,3012,4001,3,298.3,0.0,140.84,894.9,472.38
5149,2024-07-20,1089,2042,3005,4003,10,85.21,0.05,239.08,809.49,-1581.31
7043,2024-07-21,1077,2042,3020,4004,3,212.49,0.1,58.14,573.72,399.3
6948,2024-07-21,1068,2010,3018,4001,7,237.05,0.2,35.51,1327.48,1078.91
5546,2024-07-21,1074,2041,3023,4004,19,97.92,0.1,37.02,1674.43,971.05
6801,2024-07-21,1050,2017,3003,4005,12,338.67,0.15,121.9,3454.43,1991.63
7236,2024-07-21,1031,2037,3020,4003,1,295.25,0.15,155.64,250.96,95.32
6449,2024-07-21,1046,2042,3015,4004,18,222.06,0.0,67.39,3997.08,2784.06
5227,2024-07-21,1013,2026,3018,4003,5,365.51,0.15,169.07,1553.42,708.07
5393,2024-07-21,1045,2033,3004,4003,4,158.86,0.2,99.1,508.35,111.95
5852,2024-07-22,1059,2006,3021,4005,4,398.84,0.2,258.66,1276.29,241.65
5310,2024-07-23,1074,2002,3019,4005,13,135.06,0.2,248.14,1404.62,-1821.2
6563,2024-07-23,1017,2050,3022,4001,19,267.1,0.05,170.2,4821.16,1587.36
5844,2024-07-23,1002,2030,3002,4003,7,493.34,0.05,61.75,3280.71,2848.46
6590,2024-07-23,1046,2024,3020,4004,4,203.39,0.15,215.64,691.53,-171.03
5097,2024-07-24,1058,2019,3010,4003,15,430.94,0.05,202.75,6140.9,3099.65
6353,2024-07-24,1045,2011,3012,4002,15,189.39,0.2,280.9,2272.68,-1940.82
6602,2024-07-24,1095,2006,3016,4002,16,217.58,0.15,269.9,2959.09,-1359.31
5619,2024-07-24,1045,2017,3014,4001,16,272.29,0.0,110.88,4356.64,2582.56
7432,2024-07-25,1002,2027,3021,4005,10,330.63,0.05,103.3,3140.98,2107.98
5948,2024-07-25,1032,2011,3024,4005,18,73.9,0.15,129.25,1130.67,-1195.83
6844,2024-07-25,1053,2002,3006,4004,14,125.08,0.0,85.31,1751.12,556.78
5627,2024-07-26,1097,2001,3008,4005,16,123.16,0.0,72.17,1970.56,815.84
6868,2024-07-26,1070,2015,3018,4004,4,70.5,0.05,28.92,267.9,152.22
6693,2024-07-26,1042,2045,3008,4005,9,107.53,0.05,213.76,919.38,-1004.46
5456,2024-07-27,1069,2039,3009,4002,13,164.75,0.2,184.18,1713.4,-680.94
5431,2024-07-28,1082,2034,3018,4003,18,471.36,0.05,134.66,8060.26,5636.38
5121,2024-07-28,1065,2006,3017,4002,4,389.78,0.0,98.14,1559.12,1166.56
6597,2024-07-28,1067,2023,3013,4002,14,80.06,0.15,232.05,952.71,-2295.99
6376,2024-07-28,1100,2005,3014,4004,8,495.86,0.0,176.54,3966.88,2554.56
5022,2024-07-28,1005,2001,3008,4002,9,450.64,0.15,203.07,3447.4,1619.77
7412,2024-07-29,1095,2011,3005,4001,10,66.87,0.15,35.95,568.4,208.9
6567,2024-07-29,1079,2041,3002,4001,8,245.16,0.2,220.57,1569.02,-195.54
6566,2024-07-29,1032,2008,3009,4004,3,364.24,0.1,269.39,983.45,175.28
7190,2024-07-29,1073,2032,3002,4003,5,164.25,0.1,231.6,739.12,-418.88
7352,2024-07-29,1010,2033,3006,4004,5,419.74,0.2,265.16,1678.96,353.16
5943,2024-07-30,1034,2033,3015,4003,18,436.08,0.05,58.39,7456.97,6405.95
7467,2024-07-30,1047,2015,3006,4004,16,154.84,0.0,207.88,2477.44,-848.64
5370,2024-07-30,1001,2006,3020,4004,7,201.76,0.15,129.56,1200.47,293.55
5711,2024-07-31,1023,2019,3010,4002,3,105.13,0.1,25.9,283.85,206.15
5754,2024-07-31,1031,2015,3004,4004,13,155.31,0.1,166.74,1817.13,-350.49
6761,2024-07-31,1047,2012,3002,4002,3,117.28,0.15,191.94,299.06,-276.76
7306,2024-07-31,1087,2013,3024,4004,8,319.21,0.0,228.81,2553.68,723.2
6446,2024-08-01,1087,2034,3020,4004,10,422.13,0.0,74.87,4221.3,3472.6
5350,2024-08-01,1030,2016,3018,4002,17,422.03,0.15,70.36,6098.33,4902.21
6765,2024-08-01,1044,2005,3024,4005,17,225.82,0.05,258.99,3646.99,-755.84
6244,2024-08-02,1088,2010,3003,4001,9,497.2,0.2,237.31,3579.84,1444.05
6618,2024-08-02,1006,2036,3012,4004,13,107.86,0.0,41.45,1402.18,863.33
6299,2024-08-02,1098,2043,3012,4005,11,408.34,0.15,96.27,3817.98,2759.01
5786,2024-08-02,1090,2048,3016,4004,19,196.31,0.1,121.25,3356.9,1053.15
5191,2024-08-03,1078,2028,3022,4004,15,54.16,0.0,182.46,812.4,-1924.5
5109,2024-08-03,1084,2036,3018,4001,11,299.87,0.15,131.62,2803.78,1355.96
7165,2024-08-03,1055,2009,3013,4003,14,469.83,0.05,212.53,6248.74,3273.32
6636,2024-08-04,1100,2022,3018,4004,15,262.12,0.1,279.56,3538.62,-654.78
5962,2024-08-05,1007,2009,3004,4003,6,205.05,0.05,50.87,1168.79,863.57
5555,2024-08-05,1013,2046,3019,4002,3,466.37,0.2,72.38,1119.29,902.15
6014,2024-08-05,1087,2001,3001,4001,12,91.06,0.2,25.17,874.18,572.14
7411,2024-08-06,1081,2024,3018,4003,5,194.62,0.05,274.12,924.44,-446.16
5826,2024-08-06,1040,2045,3012,4004,5,493.19,0.05,187.9,2342.65,1403.15
5340,2024-08-06,1046,2048,3001,4001,11,98.31,0.1,290.47,973.27,-2221.9
5249,2024-08-07,1031,2007,3021,4005,17,436.75,0.2,77.19,5939.8,4627.57
6931,2024-08-07,1021,2047,3001,4003,4,189.47,0.1,236.77,682.09,-264.99
7030,2024-08-07,1081,2042,3014,4002,7,279.6,0.05,251.24,1859.34,100.66
6804,2024-08-08,1038,2005,3008,4005,1,210.64,0.05,56.52,200.11,143.59
7316,2024-08-08,1082,2032,3023,4004,6,58.05,0.15,246.77,296.05,-1184.57
6288,2024-08-08,1068,2037,3021,4001,4,111.98,0.0,76.88,447.92,140.4
6168,2024-08-08,1098,2013,3013,4002,4,259.15,0.05,277.75,984.77,-126.23
7500,2024-08-09,1043,2016,3008,4003,14,336.22,0.2,120.7,3765.66,2075.86
7237,2024-08-09,1078,2048,3025,4001,19,150.75,0.1,170.58,2577.83,-663.19
7175,2024-08-10,1042,2029,3016,4005,18,241.44,0.15,210.47,3694.03,-94.43
6594,2024-08-10,1049,2034,3001,4005,9,93.63,0.1,254.69,758.4,-1533.81
6706,2024-08-10,1094,2043,3017,4002,4,343.09,0.2,39.3,1097.89,940.69
5922,2024-08-10,1087,2011,3012,4003,9,431.05,0.0,193.0,3879.45,2142.45
7251,2024-08-11,1031,2006,3017,4002,2,240.66,0.05,281.41,457.25,-105.57
7021,2024-08-11,1097,2020,3016,4004,14,366.18,0.15,276.98,4357.54,479.82
6290,2024-08-11,1098,2007,3023,4005,8,124.95,0.05,68.0,949.62,405.62
6039,2024-08-12,1012,2003,3012,4003,9,170.02,0.0,179.78,1530.18,-87.84
6704,2024-08-12,1008,2049,3012,4003,15,153.5,0.05,178.26,2187.38,-486.52
5770,2024-08-12,1027,2045,3015,4003,2,133.81,0.15,228.95,227.48,-230.42
5680,2024-08-12,1064,2008,3024,4002,13,353.03,0.0,140.35,4589.39,2764.84
5600,2024-08-12,1095,2022,3007,4004,9,405.35,0.1,26.2,3283.34,3047.54
5937,2024-08-13,1054,2044,3024,4005,16,466.08,0.1,80.8,6711.55,5418.75
5250,2024-08-13,1019,2022,3023,4001,15,165.31,0.2,172.67,1983.72,-606.33
6044,2024-08-13,1017,2034,3022,4005,13,58.96,0.2,118.88,613.18,-932.26
5516,2024-08-13,1036,2045,3008,4003,10,258.05,0.05,96.13,2451.48,1490.18
7312,2024-08-13,1085,2039,3008,4003,8,113.48,0.0,136.99,907.84,-188.08
7371,2024-08-14,1069,2049,3017,4001,5,341.22,0.1,213.24,1535.49,469.29
5060,2024-08-14,1069,2004,3008,4005,8,70.14,0.0,23.83,561.12,370.48
6581,2024-08-14,1077,2003,3003,4004,16,149.0,0.05,83.93,2264.8,921.92
7486,2024-08-14,1002,2011,3016,4001,12,306.83,0.1,101.05,3313.76,2101.16
7485,2024-08-15,1082,2026,3012,4003,6,175.82,0.0,282.2,1054.92,-638.28
5767,2024-08-15,1076,2018,3003,4003,1,480.65,0.0,78.73,480.65,401.92
5342,2024-08-15,1006,2040,3018,4004,16,65.05,0.15,152.63,884.68,-1557.4
6151,2024-08-16,1059,2006,3025,4003,5,403.78,0.05,127.61,1917.95,1279.9
6762,2024-08-16,1076,2017,3004,4001,9,309.61,0.2,222.34,2229.19,228.13
5318,2024-08-16,1092,2006,3006,4002,5,352.29,0.05,57.76,1673.38,1384.58
5564,2024-08-16,1034,2044,3007,4001,13,131.19,0.0,213.01,1705.47,-1063.66
6325,2024-08-16,1077,2015,3025,4004,5,386.78,0.1,60.13,1740.51,1439.86
6800,2024-08-17,1043,2010,3003,4005,6,476.9,0.05,297.12,2718.33,935.61
5503,2024-08-17,1045,2026,3022,4005,2,208.59,0.15,166.11,354.6,22.38
7299,2024-08-17,1002,2001,3012,4004,2,294.59,0.15,157.07,500.8,186.66
5869,2024-08-18,1049,2049,3021,4001,5,492.33,0.2,225.48,1969.32,841.92
7060,2024-08-18,1019,2023,3011,4005,7,452.71,0.0,211.14,3168.97,1690.99
6854,2024-08-19,1073,2033,3009,4005,6,372.94,0.0,181.16,2237.64,1150.68
5440,2024-08-19,1097,2005,3010,4004,3,352.52,0.05,45.92,1004.68,866.92
7476,2024-08-20,1096,2030,3021,4001,13,156.56,0.2,35.74,1628.22,1163.6
6256,2024-08-20,1093,2036,3022,4001,10,286.36,0.0,77.47,2863.6,2088.9
7388,2024-08-20,1020,2032,3006,4002,7,182.44,0.15,64.39,1085.52,634.79
7489,2024-08-20,1079,2040,3014,4002,14,167.51,0.0,290.97,2345.14,-1728.44
5349,2024-08-20,1056,2007,3016,4002,13,340.37,0.0,172.76,4424.81,2178.93
5126,2024-08-20,1044,2027,3018,4004,3,394.6,0.0,147.75,1183.8,740.55
5677,2024-08-21,1035,2019,3025,4005,17,214.45,0.1,236.55,3281.08,-740.27
6366,2024-08-21,1031,2038,3021,4002,3,430.44,0.2,57.87,1033.06,859.45
5324,2024-08-21,1050,2019,3022,4004,16,477.08,0.0,114.6,7633.28,5799.68
5124,2024-08-21,1074,2048,3020,4003,4,414.35,0.1,56.68,1491.66,1264.94
6053,2024-08-22,1065,2042,3001,4005,15,443.02,0.2,254.03,5316.24,1505.79
6518,2024-08-22,1060,2020,3001,4003,18,449.52,0.15,24.86,6877.66,6430.18
6451,2024-08-23,1029,2030,3002,4002,3,244.45,0.15,229.8,623.35,-66.05
6565,2024-08-23,1046,2029,3017,4001,15,262.61,0.05,214.92,3742.19,518.39
6150,2024-08-24,1072,2049,3016,4003,1,82.56,0.2,136.36,66.05,-70.31
6406,2024-08-24,1094,2045,3014,4002,13,388.34,0.1,151.12,4543.58,2579.02
6040,2024-08-24,1053,2014,3023,4003,17,485.14,0.2,267.57,6597.9,2049.21
6274,2024-08-24,1020,2020,3019,4003,6,209.95,0.0,202.25,1259.7,46.2
7265,2024-08-24,1083,2012,3014,4004,13,76.37,0.15,294.4,843.89,-2983.31
5229,2024-08-25,1042,2014,3007,4004,2,183.87,0.05,299.35,349.35,-249.35
5959,2024-08-25,1082,2045,3022,4001,18,461.96,0.1,166.92,7483.75,4479.19
5226,2024-08-25,1046,2042,3022,4004,15,134.99,0.15,139.68,1721.12,-374.08
6471,2024-08-25,1056,2037,3022,4003,4,443.77,0.05,99.5,1686.33,1288.33
5896,2024-08-26,1030,2011,3006,4005,16,327.9,0.0,126.72,5246.4,3218.88
6726,2024-08-26,1028,2006,3016,4003,17,217.18,0.2,107.2,2953.65,1131.25
5998,2024-08-26,1087,2047,3015,4003,16,194.66,0.1,116.16,2803.1,944.54
5030,2024-08-26,1040,2025,3012,4002,15,215.23,0.05,97.53,3067.03,1604.08
5012,2024-08-27,1052,2037,3009,4002,17,459.86,0.1,240.94,7035.86,2939.88
6185,2024-08-27,1016,2037,3014,4002,10,448.87,0.2,146.71,3590.96,2123.86
6780,2024-08-28,1035,2004,3014,4004,5,146.23,0.0,212.75,731.15,-332.6
7298,2024-08-29,1055,2030,3014,4003,18,203.41,0.2,291.12,2929.1,-2311.06
5776,2024-08-29,1027,2032,3021,4003,19,321.5,0.1,144.68,5497.65,2748.73
5817,2024-08-29,1090,2008,3018,4002,11,459.19,0.1,262.87,4545.98,1654.41
5710,2024-08-29,1097,2037,3025,4002,3,472.31,0.0,271.24,1416.93,603.21
6664,2024-08-30,1007,2036,3013,4005,19,215.88,0.05,203.56,3896.63,28.99
6486,2024-08-30,1038,2027,3012,4004,8,80.76,0.1,233.81,581.47,-1289.01
7460,2024-08-30,1046,2014,3012,4003,3,209.9,0.05,274.68,598.22,-225.82
5343,2024-08-31,1082,2018,3016,4004,2,261.61,0.05,231.53,497.06,34.0
5983,2024-08-31,1005,2029,3021,4005,6,126.75,0.15,275.98,646.42,-1009.46
6796,2024-08-31,1057,2041,3008,4004,2,112.05,0.2,124.81,179.28,-70.34
5628,2024-09-01,1020,2029,3009,4002,6,497.98,0.05,121.89,2838.49,2107.15
6864,2024-09-01,1068,2019,3012,4005,14,289.56,0.05,100.88,3851.15,2438.83
5334,2024-09-01,1033,2037,3014,4005,2,316.92,0.0,257.22,633.84,119.4
6013,2024-09-01,1098,2037,3011,4003,7,293.85,0.15,171.6,1748.41,547.21
5141,2024-09-02,1090,2043,3007,4004,19,388.58,0.1,105.62,6644.72,4637.94
5507,2024-09-02,1047,2048,3017,4001,1,165.99,0.1,20.48,149.39,128.91
6456,2024-09-02,1039,2001,3015,4003,14,71.59,0.15,101.07,851.92,-563.06
5951,2024-09-02,1068,2014,3014,4001,7,153.1,0.2,50.4,857.36,504.56
6637,2024-09-02,1045,2021,3024,4003,13,440.88,0.15,131.55,4871.72,3161.57
5841,2024-09-02,1090,2050,3002,4003,12,154.46,0.15,151.12,1575.49,-237.95
5145,2024-09-02,1058,2006,3013,4004,18,100.57,0.15,243.65,1538.72,-2846.98
6905,2024-09-03,1003,2035,3005,4001,3,338.73,0.0,190.44,1016.19,444.87
5898,2024-09-03,1040,2017,3010,4001,4,201.99,0.2,157.97,646.37,14.49
7394,2024-09-03,1052,2005,3010,4001,10,345.3,0.2,267.49,2762.4,87.5
6523,2024-09-03,1025,2050,3011,4005,7,129.67,0.0,63.64,907.69,462.21
7016,2024-09-03,1089,2050,3019,4003,8,230.65,0.05,230.29,1752.94,-89.38
6440,2024-09-03,1006,2034,3016,4002,6,83.37,0.2,168.17,400.18,-608.84
7481,2024-09-03,1022,2049,3018,4005,15,76.46,0.0,83.36,1146.9,-103.5
6836,2024-09-04,1046,2027,3023,4004,7,363.04,0.0,271.09,2541.28,643.65
6029,2024-09-04,1087,2034,3025,4002,6,409.81,0.15,88.36,2090.03,1559.87
5181,2024-09-05,1019,2021,3003,4001,14,460.62,0.2,193.21,5158.94,2454.0
6138,2024-09-05,1071,2043,3025,4003,3,367.16,0.0,255.86,1101.48,333.9
6672,2024-09-05,1024,2039,3021,4001,18,294.69,0.15,246.4,4508.76,73.56
5784,2024-09-06,1023,2040,3002,4001,16,417.12,0.05,151.15,6340.22,3921.82
6577,2024-09-06,1097,2015,3011,4001,8,462.64,0.0,195.14,3701.12,2140.0
5020,2024-09-08,1053,2005,3023,4001,15,467.31,0.2,42.64,5607.72,4968.12
7118,2024-09-08,1055,2019,3023,4005,16,71.01,0.2,269.72,908.93,-3406.59
7436,2024-09-08,1095,2021,3004,4003,5,419.51,0.15,38.81,1782.92,1588.87
6753,2024-09-08,1043,2016,3020,4003,6,300.68,0.05,162.4,1713.88,739.48
7130,2024-09-09,1092,2034,3007,4002,9,304.62,0.2,205.4,2193.26,344.66
6850,2024-09-09,1066,2015,3015,4005,13,205.86,0.15,179.75,2274.75,-62.0
5690,2024-09-09,1035,2008,3009,4001,2,95.11,0.2,243.95,152.18,-335.72
6033,2024-09-10,1057,2030,3005,4002,6,424.14,0.15,143.15,2163.11,1304.21
5047,2024-09-10,1012,2017,3020,4003,5,161.84,0.2,232.45,647.36,-514.89
6941,2024-09-11,1068,2003,3009,4002,11,261.18,0.2,157.17,2298.38,569.51
7304,2024-09-11,1021,2021,3013,4001,4,200.85,0.05,161.49,763.23,117.27
5405,2024-09-11,1034,2050,3020,4004,15,364.87,0.1,213.35,4925.74,1725.49
6808,2024-09-11,1052,2018,3006,4005,18,164.15,0.2,164.07,2363.76,-589.5
7167,2024-09-11,1035,2029,3025,4002,11,409.2,0.2,163.31,3600.96,1804.55
6528,2024-09-11,1084,2023,3018,4001,13,324.73,0.15,96.03,3588.27,2339.88
5761,2024-09-12,1029,2023,3014,4001,2,371.98,0.05,23.81,706.76,659.14
5512,2024-09-12,1048,2019,3003,4002,18,172.34,0.15,270.52,2636.8,-2232.56
6302,2024-09-12,1009,2007,3003,4004,12,280.8,0.15,236.48,2864.16,26.4
5950,2024-09-12,1016,2017,3010,4002,11,237.67,0.1,265.18,2352.93,-564.05
7450,2024-09-12,1059,2015,3024,4001,8,323.91,0.15,202.94,2202.59,579.07
6651,2024-09-13,1096,2010,3025,4004,4,368.93,0.05,210.22,1401.93,561.05
6306,2024-09-13,1005,2032,3012,4001,10,300.23,0.0,203.23,3002.3,970.0
5762,2024-09-13,1008,2024,3010,4002,13,99.33,0.15,135.33,1097.6,-661.69
7343,2024-09-13,1017,2029,3012,4004,6,296.69,0.15,34.95,1513.12,1303.42
5205,2024-09-13,1016,2043,3001,4001,11,120.82,0.05,30.9,1262.57,922.67
5565,2024-09-13,1008,2033,3011,4003,4,394.71,0.2,39.52,1263.07,1104.99
6511,2024-09-14,1071,2027,3023,4004,14,178.31,0.1,276.86,2246.71,-1629.33
7154,2024-09-14,1091,2043,3024,4005,12,315.4,0.05,274.14,3595.56,305.88
6999,2024-09-15,1088,2015,3006,4005,19,455.74,0.1,132.49,7793.15,5275.84
5173,2024-09-15,1030,2041,3008,4001,14,444.34,0.0,174.83,6220.76,3773.14
5086,2024-09-15,1033,2016,3010,4004,15,296.98,0.0,96.01,4454.7,3014.55
6604,2024-09-15,1041,2010,3019,4001,1,318.17,0.2,174.95,254.54,79.59
6108,2024-09-15,1017,2014,3019,4005,14,74.1,0.05,245.05,985.53,-2445.17
6250,2024-09-16,1071,2037,3016,4003,5,256.62,0.0,158.04,1283.1,492.9
6827,2024-09-16,1082,2022,3020,4005,13,237.07,0.1,26.26,2773.72,2432.34
5965,2024-09-16,1085,2017,3022,4002,17,283.5,0.1,116.72,4337.55,2353.31
5827,2024-09-16,1015,2050,3002,4003,3,445.02,0.15,178.67,1134.8,598.79
6378,2024-09-16,1078,2041,3021,4001,8,299.23,0.2,27.47,1915.07,1695.31
6920,2024-09-17,1037,2041,3004,4001,2,375.11,0.1,140.18,675.2,394.84
7425,2024-09-17,1089,2038,3009,4003,2,468.03,0.2,239.88,748.85,269.09
5595,2024-09-17,1003,2004,3008,4002,18,403.2,0.2,55.43,5806.08,4808.34
7242,2024-09-18,1063,2035,3003,4002,17,236.58,0.0,94.29,4021.86,2418.93
7197,2024-09-18,1035,2036,3021,4002,5,446.54,0.2,250.21,1786.16,535.11
5388,2024-09-18,1085,2031,3023,4004,4,228.6,0.0,50.94,914.4,710.64
7454,2024-09-19,1030,2022,3001,4002,7,184.46,0.05,99.01,1226.66,533.59
5631,2024-09-19,1001,2035,3020,4002,12,450.51,0.0,96.07,5406.12,4253.28
6599,2024-09-20,1009,2005,3011,4003,14,493.84,0.05,239.17,6568.07,3219.69
7139,2024-09-21,1082,2024,3006,4001,19,213.41,0.2,43.67,3243.83,2414.1
6491,2024-09-21,1064,2045,3017,4003,16,485.54,0.05,260.18,7380.21,3217.33
6795,2024-09-21,1029,2010,3001,4002,1,289.86,0.0,35.95,289.86,253.91
7027,2024-09-21,1098,2004,3023,4005,2,99.76,0.0,46.79,199.52,105.94
7292,2024-09-21,1092,2049,3020,4002,17,229.37,0.0,297.18,3899.29,-1152.77
6412,2024-09-22,1096,2011,3006,4004,6,443.43,0.1,28.12,2394.52,2225.8
5554,2024-09-22,1017,2011,3003,4005,4,308.98,0.2,77.09,988.74,680.38
5812,2024-09-22,1011,2011,3015,4004,16,158.06,0.05,156.63,2402.51,-103.57
6991,2024-09-22,1021,2013,3012,4002,5,425.86,0.0,47.83,2129.3,1890.15
7366,2024-09-22,1060,2035,3005,4005,2,249.64,0.1,263.88,449.35,-78.41
7458,2024-09-23,1032,2029,3012,4005,17,407.81,0.05,64.09,6586.13,5496.6
7318,2024-09-24,1032,2006,3013,4003,3,81.27,0.1,129.36,219.43,-168.65
6215,2024-09-24,1049,2022,3006,4001,7,134.34,0.1,236.54,846.34,-809.44
6642,2024-09-24,1032,2031,3008,4005,13,450.09,0.05,43.07,5558.61,4998.7
6717,2024-09-24,1062,2006,3018,4005,16,196.17,0.15,216.18,2667.91,-790.97
6903,2024-09-24,1046,2027,3007,4001,8,181.53,0.1,149.7,1307.02,109.42
5952,2024-09-25,1037,2027,3014,4005,9,154.31,0.2,241.69,1111.03,-1064.18
5058,2024-09-25,1064,2004,3024,4004,10,334.98,0.1,215.2,3014.82,862.82
7494,2024-09-26,1079,2029,3025,4002,4,90.45,0.15,200.75,307.53,-495.47
5345,2024-09-26,1047,2020,3001,4001,12,102.05,0.2,289.96,979.68,-2499.84
5582,2024-09-26,1021,2046,3013,4002,11,145.02,0.0,70.77,1595.22,816.75
6252,2024-09-26,1004,2024,3016,4003,9,216.64,0.05,65.6,1852.27,1261.87
6375,2024-09-26,1082,2050,3009,4005,16,234.43,0.15,104.98,3188.25,1508.57
6311,2024-09-27,1079,2025,3011,4005,18,329.13,0.2,31.56,4739.47,4171.39
5963,2024-09-27,1033,2008,3013,4002,6,274.17,0.15,241.03,1398.27,-47.91
5458,2024-09-27,1006,2009,3002,4004,17,67.66,0.1,92.2,1035.2,-532.2
5369,2024-09-28,1099,2030,3009,4004,1,221.07,0.15,287.85,187.91,-99.94
5747,2024-09-28,1066,2017,3017,4005,4,224.21,0.15,183.83,762.31,26.99
6598,2024-09-28,1006,2045,3017,4005,1,474.05,0.0,184.11,474.05,289.94
7011,2024-09-29,1019,2005,3023,4002,15,244.5,0.2,278.35,2934.0,-1241.25
6092,2024-09-29,1043,2050,3019,4004,9,211.58,0.2,86.97,1523.38,740.65
5706,2024-09-29,1014,2030,3023,4002,5,458.69,0.2,31.24,1834.76,1678.56
5533,2024-09-30,1014,2035,3020,4001,7,190.3,0.15,248.8,1132.29,-609.31
6201,2024-09-30,1029,2007,3025,4005,4,171.17,0.15,277.89,581.98,-529.58
7423,2024-09-30,1078,2042,3025,4004,10,204.3,0.2,154.04,1634.4,94.0
7303,2024-10-01,1079,2028,3001,4003,3,202.81,0.15,246.53,517.17,-222.42
6516,2024-10-01,1053,2045,3025,4005,18,153.99,0.05,181.74,2633.23,-638.09
6911,2024-10-01,1070,2004,3005,4002,12,467.7,0.15,293.73,4770.54,1245.78
6768,2024-10-01,1079,2005,3006,4001,9,350.76,0.15,212.39,2683.31,771.8
5997,2024-10-02,1059,2030,3014,4005,15,187.44,0.0,73.2,2811.6,1713.6
5968,2024-10-02,1036,2033,3004,4004,3,159.09,0.05,124.0,453.41,81.41
7290,2024-10-02,1007,2018,3025,4002,18,296.16,0.05,113.83,5064.34,3015.4
6094,2024-10-02,1025,2050,3020,4001,2,430.53,0.05,144.12,818.01,529.77
5169,2024-10-02,1013,2001,3002,4002,17,84.0,0.2,234.03,1142.4,-2836.11
6211,2024-10-03,1084,2009,3025,4002,14,364.01,0.1,177.16,4586.53,2106.29
5645,2024-10-03,1005,2043,3005,4002,9,340.68,0.05,296.99,2912.81,239.9
6770,2024-10-04,1061,2050,3023,4001,15,251.66,0.1,73.39,3397.41,2296.56
5778,2024-10-04,1020,2003,3023,4004,8,459.42,0.0,146.34,3675.36,2504.64
5137,2024-10-04,1008,2010,3016,4003,3,429.54,0.2,166.8,1030.9,530.5
6319,2024-10-04,1037,2041,3002,4005,3,235.74,0.0,169.7,707.22,198.12
7322,2024-10-04,1060,2020,3002,4004,16,427.25,0.15,261.69,5810.6,1623.56
7058,2024-10-05,1060,2005,3004,4003,18,247.25,0.15,299.09,3782.92,-1600.7
5057,2024-10-05,1061,2037,3012,4004,7,359.33,0.15,241.38,2138.01,448.35
6758,2024-10-05,1084,2011,3013,4001,9,209.26,0.15,71.28,1600.84,959.32
6317,2024-10-05,1018,2003,3024,4002,11,443.1,0.15,263.28,4142.99,1246.91
7493,2024-10-06,1095,2008,3010,4001,7,455.62,0.1,111.29,2870.41,2091.38
5938,2024-10-06,1067,2032,3022,4005,10,228.92,0.2,295.59,1831.36,-1124.54
5599,2024-10-06,1024,2004,3019,4005,6,301.95,0.1,61.53,1630.53,1261.35
7479,2024-10-06,1022,2002,3024,4001,13,476.42,0.2,237.98,4954.77,1861.03
6107,2024-10-07,1061,2031,3007,4001,2,479.05,0.15,196.45,814.38,421.48
6218,2024-10-08,1014,2045,3001,4001,4,197.32,0.15,233.03,670.89,-261.23
7073,2024-10-08,1070,2013,3004,4004,10,417.54,0.05,64.01,3966.63,3326.53
6838,2024-10-08,1033,2020,3018,4001,12,370.58,0.1,274.16,4002.26,712.34
5234,2024-10-08,1005,2003,3013,4003,18,371.86,0.0,218.04,6693.48,2768.76
6777,2024-10-08,1026,2030,3003,4003,13,445.41,0.05,36.26,5500.81,5029.43
7019,2024-10-09,1036,2045,3002,4003,7,236.07,0.0,133.03,1652.49,721.28
5581,2024-10-10,1022,2012,3004,4003,4,90.14,0.15,43.55,306.48,132.28
6225,2024-10-10,1048,2008,3011,4002,17,118.74,0.15,33.77,1715.79,1141.7
6623,2024-10-10,1041,2023,3025,4004,15,433.33,0.15,221.55,5524.96,2201.71
6517,2024-10-10,1024,2029,3009,4003,3,279.05,0.15,142.82,711.58,283.12
6738,2024-10-10,1031,2031,3019,4002,11,194.0,0.2,173.43,1707.2,-200.53
5417,2024-10-11,1047,2034,3014,4005,18,225.35,0.05,212.31,3853.48,31.9
5410,2024-10-11,1065,2002,3001,4005,15,437.11,0.2,136.15,5245.32,3203.07
5803,2024-10-12,1092,2029,3004,4003,4,393.33,0.0,158.89,1573.32,937.76
6055,2024-10-12,1053,2038,3015,4003,6,356.69,0.1,94.24,1926.13,1360.69
7286,2024-10-12,1063,2050,3011,4004,19,182.15,0.2,37.12,2768.68,2063.4
6382,2024-10-12,1039,2038,3007,4005,16,453.04,0.15,176.94,6161.34,3330.3
7048,2024-10-12,1035,2033,3019,4002,6,455.78,0.05,90.14,2597.95,2057.11
6767,2024-10-12,1028,2014,3023,4004,9,160.98,0.0,116.11,1448.82,403.83
5087,2024-10-12,1094,2004,3008,4003,6,292.25,0.1,101.66,1578.15,968.19
5074,2024-10-12,1047,2046,3018,4002,10,85.91,0.0,258.6,859.1,-1726.9
6309,2024-10-13,1098,2033,3001,4002,18,341.13,0.1,200.72,5526.31,1913.35
5641,2024-10-14,1033,2049,3004,4001,1,431.59,0.05,204.69,410.01,205.32
5424,2024-10-14,1051,2048,3017,4002,5,223.46,0.0,198.18,1117.3,126.4
7146,2024-10-14,1098,2049,3017,4002,18,51.97,0.05,279.09,888.69,-4134.93
6368,2024-10-15,1042,2047,3013,4003,5,209.42,0.1,115.97,942.39,362.54
5918,2024-10-15,1074,2045,3016,4005,13,373.34,0.0,198.84,4853.42,2268.5
6260,2024-10-15,1098,2025,3012,4005,17,216.0,0.0,116.35,3672.0,1694.05
7224,2024-10-15,1098,2002,3024,4002,11,263.88,0.05,172.95,2757.55,855.1
6439,2024-10-16,1033,2029,3024,4001,12,146.51,0.2,143.63,1406.5,-317.06
7319,2024-10-16,1036,2024,3023,4005,7,306.67,0.1,50.69,1932.02,1577.19
6276,2024-10-16,1035,2016,3018,4001,14,362.6,0.05,34.35,4822.58,4341.68
5001,2024-10-16,1086,2037,3014,4005,10,275.5,0.15,82.07,2341.75,1521.05
5171,2024-10-16,1089,2036,3022,4001,15,362.89,0.05,101.81,5171.18,3644.03
7142,2024-10-16,1033,2007,3007,4005,8,115.2,0.15,91.83,783.36,48.72
7010,2024-10-16,1024,2029,3025,4001,2,161.93,0.05,239.6,307.67,-171.53
5095,2024-10-17,1010,2049,3001,4005,19,169.31,0.2,92.52,2573.51,815.63
7264,2024-10-17,1087,2042,3014,4002,1,435.91,0.0,112.79,435.91,323.12
6709,2024-10-17,1044,2014,3025,4001,1,436.57,0.05,192.21,414.74,222.53
6945,2024-10-18,1019,2018,3016,4001,8,60.04,0.2,172.39,384.26,-994.86
7311,2024-10-18,1013,2010,3004,4005,14,219.04,0.1,262.32,2759.9,-912.58
5156,2024-10-18,1099,2020,3004,4001,7,423.61,0.15,116.87,2520.48,1702.39
7296,2024-10-18,1086,2038,3011,4004,1,448.02,0.0,241.77,448.02,206.25
5493,2024-10-18,1070,2035,3017,4004,5,289.39,0.0,128.86,1446.95,802.65
7325,2024-10-19,1021,2028,3014,4005,6,487.13,0.1,278.22,2630.5,961.18
6438,2024-10-19,1011,2044,3016,4001,1,475.3,0.15,113.37,404.0,290.63
7255,2024-10-19,1010,2023,3017,4005,17,156.96,0.15,150.79,2268.07,-295.36
6497,2024-10-20,1080,2001,3016,4002,6,124.59,0.0,87.32,747.54,223.62
7067,2024-10-20,1097,2022,3007,4004,4,303.52,0.2,115.63,971.26,508.74
5715,2024-10-20,1025,2020,3016,4003,15,175.02,0.15,221.46,2231.5,-1090.4
5115,2024-10-20,1033,2028,3010,4004,14,144.35,0.15,289.63,1717.76,-2337.06
6601,2024-10-20,1073,2041,3025,4003,8,181.07,0.05,34.17,1376.13,1102.77
6870,2024-10-20,1082,2048,3007,4004,3,289.0,0.05,190.87,823.65,251.04
6766,2024-10-20,1056,2028,3018,4005,2,475.95,0.2,41.64,761.52,678.24
5362,2024-10-22,1086,2008,3013,4004,18,450.95,0.2,80.13,6493.68,5051.34
6793,2024-10-22,1089,2024,3009,4001,9,165.73,0.1,150.25,1342.41,-9.84
6427,2024-10-22,1014,2011,3008,4003,8,148.95,0.1,282.74,1072.44,-1189.48
7161,2024-10-22,1023,2026,3002,4001,16,238.85,0.1,107.95,3439.44,1712.24
6745,2024-10-22,1093,2008,3016,4001,9,127.19,0.0,271.51,1144.71,-1298.88
6878,2024-10-23,1071,2028,3017,4003,13,328.12,0.05,76.43,4052.28,3058.69
6320,2024-10-23,1060,2029,3012,4004,1,393.91,0.0,25.65,393.91,368.26
5267,2024-10-23,1061,2001,3001,4001,14,447.8,0.05,53.4,5955.74,5208.14
6818,2024-10-23,1086,2010,3004,4005,14,268.01,0.0,186.97,3752.14,1134.56
5856,2024-10-23,1025,2049,3011,4002,3,66.99,0.05,166.11,190.92,-307.41
6839,2024-10-24,1001,2044,3022,4001,11,215.77,0.2,167.62,1898.78,54.96
7092,2024-10-24,1003,2017,3021,4001,14,109.33,0.0,220.3,1530.62,-1553.58
5795,2024-10-25,1060,2007,3013,4004,2,218.14,0.1,158.58,392.65,75.49
6122,2024-10-25,1087,2032,3020,4004,3,154.73,0.0,182.23,464.19,-82.5
5084,2024-10-25,1039,2024,3005,4005,2,149.68,0.1,55.62,269.42,158.18
6005,2024-10-25,1066,2040,3002,4005,7,489.19,0.0,182.35,3424.33,2147.88
6380,2024-10-25,1093,2033,3007,4003,8,194.78,0.15,36.15,1324.5,1035.3
6386,2024-10-26,1046,2032,3022,4001,7,331.63,0.0,137.35,2321.41,1359.96
5024,2024-10-27,1006,2040,3021,4002,1,381.57,0.05,109.28,362.49,253.21
6979,2024-10-27,1056,2038,3022,4001,11,352.09,0.0,103.63,3872.99,2733.06
7181,2024-10-27,1088,2015,3024,4004,2,69.98,0.2,94.18,111.97,-76.39
6204,2024-10-27,1062,2018,3022,4004,6,119.29,0.2,94.39,572.59,6.25
5739,2024-10-27,1038,2002,3015,4001,1,180.21,0.2,291.32,144.17,-147.15
5215,2024-10-27,1035,2006,3008,4005,9,465.96,0.15,210.14,3564.59,1673.33
7314,2024-10-28,1085,2015,3010,4004,17,434.55,0.15,173.45,6279.25,3330.6
6534,2024-10-28,1063,2001,3007,4001,12,137.83,0.15,278.61,1405.87,-1937.45
5810,2024-10-28,1041,2031,3020,4004,6,56.34,0.0,295.09,338.04,-1432.5
5289,2024-10-29,1085,2032,3024,4002,1,341.18,0.05,252.7,324.12,71.42
6179,2024-10-29,1093,2009,3014,4001,2,452.05,0.2,58.42,723.28,606.44
6805,2024-10-29,1084,2028,3007,4004,11,280.71,0.1,243.32,2779.03,102.51
6049,2024-10-29,1046,2002,3003,4001,2,470.85,0.05,260.64,894.62,373.34
5741,2024-10-29,1097,2038,3014,4004,1,198.9,0.1,88.14,179.01,90.87
5266,2024-10-31,1072,2034,3012,4002,17,360.45,0.05,99.48,5821.27,4130.11
5389,2024-10-31,1078,2027,3018,4002,4,168.32,0.0,252.25,673.28,-335.72
7395,2024-10-31,1015,2021,3017,4005,16,223.27,0.15,282.38,3036.47,-1481.61
6409,2024-11-01,1022,2033,3025,4003,16,225.3,0.15,94.66,3064.08,1549.52
5566,2024-11-01,1040,2009,3018,4002,14,202.46,0.1,260.76,2551.0,-1099.64
6533,2024-11-01,1060,2005,3025,4002,13,151.14,0.2,199.54,1571.86,-1022.16
6195,2024-11-01,1018,2048,3015,4004,16,127.31,0.2,238.62,1629.57,-2188.35
5112,2024-11-02,1050,2033,3008,4004,19,216.45,0.2,298.01,3290.04,-2372.15
7484,2024-11-02,1013,2036,3020,4003,10,344.07,0.05,41.17,3268.66,2856.96
5608,2024-11-02,1006,2034,3018,4002,8,399.79,0.05,62.67,3038.4,2537.04
7097,2024-11-02,1044,2010,3013,4003,18,296.82,0.05,38.16,5075.62,4388.74
6755,2024-11-02,1001,2033,3010,4004,18,191.78,0.05,226.07,3279.44,-789.82
6859,2024-11-02,1013,2036,3017,4005,10,65.03,0.05,283.83,617.78,-2220.52
6849,2024-11-03,1092,2006,3008,4001,10,494.69,0.2,264.69,3957.52,1310.62
6585,2024-11-03,1026,2040,3001,4004,8,403.99,0.0,189.01,3231.92,1719.84
7057,2024-11-03,1024,2041,3001,4005,6,325.54,0.05,29.3,1855.58,1679.78
6619,2024-11-04,1058,2047,3008,4003,8,363.86,0.2,217.65,2328.7,587.5
6605,2024-11-04,1076,2040,3023,4001,16,339.96,0.05,200.4,5167.39,1960.99
6084,2024-11-04,1066,2023,3025,4005,13,114.66,0.15,176.16,1266.99,-1023.09
5348,2024-11-04,1010,2002,3024,4005,10,336.87,0.2,78.98,2694.96,1905.16
7302,2024-11-05,1021,2032,3012,4001,9,122.18,0.15,143.52,934.68,-357.0
6295,2024-11-05,1029,2007,3002,4001,1,66.76,0.15,163.23,56.75,-106.48
5258,2024-11-05,1039,2039,3001,4005,10,269.16,0.15,76.06,2287.86,1527.26
6493,2024-11-05,1024,2036,3003,4005,9,377.33,0.15,167.42,2886.57,1379.79
5576,2024-11-05,1056,2045,3015,4004,19,226.75,0.15,21.25,3662.01,3258.26
6152,2024-11-06,1087,2048,3013,4002,15,219.63,0.0,226.75,3294.45,-106.8
5199,2024-11-06,1025,2013,3020,4003,6,125.21,0.2,68.48,601.01,190.13
5485,2024-11-06,1021,2023,3001,4001,1,485.25,0.1,148.24,436.72,288.48
6314,2024-11-06,1005,2022,3004,4004,8,367.67,0.15,246.05,2500.16,531.76
6465,2024-11-07,1084,2022,3019,4005,6,459.0,0.0,138.63,2754.0,1922.22
7126,2024-11-07,1003,2050,3001,4004,2,113.13,0.05,236.59,214.95,-258.23
5971,2024-11-07,1082,2019,3001,4003,11,393.19,0.2,246.01,3460.07,753.96
5065,2024-11-08,1026,2026,3010,4002,17,189.39,0.2,218.55,2575.7,-1139.65
5791,2024-11-08,1062,2039,3013,4005,5,453.88,0.0,48.96,2269.4,2024.6
6901,2024-11-08,1074,2010,3006,4003,7,405.2,0.05,245.54,2694.58,975.8
5999,2024-11-08,1096,2035,3012,4001,11,121.83,0.2,191.78,1072.1,-1037.48
5311,2024-11-08,1096,2025,3007,4003,11,261.25,0.05,268.69,2730.06,-225.53
6648,2024-11-08,1083,2017,3016,4001,9,407.12,0.1,132.46,3297.67,2105.53
6436,2024-11-09,1007,2006,3008,4004,5,452.44,0.1,188.13,2035.98,1095.33
6861,2024-11-09,1077,2029,3001,4004,6,72.11,0.15,77.79,367.76,-98.98
6071,2024-11-09,1022,2039,3013,4003,3,330.68,0.1,196.28,892.84,304.0
5712,2024-11-09,1063,2047,3018,4001,7,145.41,0.1,260.42,916.08,-906.86
6178,2024-11-10,1004,2030,3004,4004,11,437.94,0.0,138.47,4817.34,3294.17
5580,2024-11-10,1053,2012,3016,4005,16,395.78,0.2,201.94,5065.98,1834.94
5868,2024-11-10,1085,2041,3015,4001,5,186.67,0.05,45.12,886.68,661.08
5535,2024-11-10,1056,2014,3006,4002,19,54.21,0.05,103.4,978.49,-986.11
6855,2024-11-10,1033,2032,3002,4001,19,389.74,0.0,149.73,7405.06,4560.19
5395,2024-11-10,1004,2025,3016,4003,12,58.63,0.05,118.43,668.38,-752.78
5550,2024-11-11,1086,2048,3015,4001,10,171.27,0.05,138.26,1627.06,244.46
7033,2024-11-11,1037,2021,3003,4003,14,258.12,0.1,274.65,3252.31,-592.79
5531,2024-11-11,1002,2014,3015,4001,13,358.86,0.2,154.4,3732.14,1724.94
6549,2024-11-12,1095,2045,3006,4004,16,119.33,0.2,20.16,1527.42,1204.86
6573,2024-11-12,1033,2028,3025,4003,14,407.37,0.2,111.23,4562.54,3005.32
5453,2024-11-13,1017,2040,3013,4005,12,338.75,0.05,281.03,3861.75,489.39
6264,2024-11-13,1003,2017,3007,4005,19,285.82,0.1,146.76,4887.52,2099.08
5540,2024-11-13,1038,2028,3025,4003,8,359.58,0.1,251.93,2588.98,573.54
7212,2024-11-14,1080,2019,3016,4003,17,219.07,0.2,27.15,2979.35,2517.8
5392,2024-11-14,1051,2003,3023,4004,7,204.4,0.1,171.77,1287.72,85.33
6667,2024-11-14,1094,2024,3008,4002,10,313.35,0.1,150.65,2820.15,1313.65
5625,2024-11-14,1019,2019,3018,4002,14,234.21,0.0,62.1,3278.94,2409.54
7034,2024-11-15,1015,2024,3024,4001,14,175.75,0.2,254.33,1968.4,-1592.22
5700,2024-11-15,1042,2047,3011,4003,8,226.17,0.05,170.74,1718.89,352.97
5828,2024-11-15,1021,2005,3013,4001,10,452.8,0.1,203.17,4075.2,2043.5
6694,2024-11-15,1058,2001,3007,4004,4,190.58,0.15,230.83,647.97,-275.35
5244,2024-11-16,1089,2041,3015,4002,5,193.41,0.15,222.36,821.99,-289.81
5752,2024-11-16,1038,2001,3005,4003,19,390.52,0.2,261.43,5935.9,968.73
5468,2024-11-16,1075,2015,3022,4003,16,121.96,0.0,195.65,1951.36,-1179.04
5355,2024-11-16,1096,2050,3015,4001,7,424.75,0.2,186.03,2378.6,1076.39
6063,2024-11-17,1036,2039,3019,4003,4,189.57,0.15,144.49,644.54,66.58
6873,2024-11-17,1083,2036,3006,4004,10,109.1,0.15,52.0,927.35,407.35
6879,2024-11-17,1089,2001,3005,4001,13,373.3,0.15,115.57,4124.96,2622.55
6569,2024-11-17,1054,2019,3018,4001,16,146.27,0.0,117.58,2340.32,459.04
5080,2024-11-17,1090,2004,3002,4002,13,379.54,0.15,23.26,4193.92,3891.54
5526,2024-11-17,1090,2017,3022,4003,3,386.67,0.1,230.91,1044.01,351.28
6402,2024-11-17,1063,2006,3025,4004,9,442.03,0.1,190.67,3580.44,1864.41
7145,2024-11-18,1038,2026,3021,4001,6,226.74,0.0,243.97,1360.44,-103.38
5361,2024-11-18,1089,2001,3014,4001,2,329.37,0.15,292.2,559.93,-24.47
5214,2024-11-18,1005,2007,3014,4005,13,282.86,0.0,71.37,3677.18,2749.37
7396,2024-11-19,1083,2010,3017,4005,17,426.41,0.15,115.46,6161.62,4198.8
6363,2024-11-19,1005,2001,3015,4003,13,467.83,0.0,88.58,6081.79,4930.25
5586,2024-11-19,1094,2019,3022,4005,19,282.83,0.1,71.86,4836.39,3471.05
6042,2024-11-19,1010,2045,3007,4001,17,404.3,0.15,133.45,5842.14,3573.49
6364,2024-11-19,1045,2049,3004,4001,15,315.63,0.0,48.04,4734.45,4013.85
5265,2024-11-20,1092,2006,3015,4004,9,259.27,0.2,22.68,1866.74,1662.62
7473,2024-11-20,1046,2003,3021,4001,2,290.35,0.1,298.34,522.63,-74.05
6351,2024-11-21,1041,2045,3003,4002,15,97.17,0.2,192.04,1166.04,-1714.56
6207,2024-11-21,1056,2036,3017,4002,10,156.79,0.1,55.73,1411.11,853.81
6644,2024-11-21,1044,2010,3013,4002,5,74.13,0.0,22.97,370.65,255.8
6038,2024-11-21,1098,2008,3020,4004,9,193.18,0.2,27.01,1390.9,1147.81
5336,2024-11-22,1077,2008,3003,4001,8,205.68,0.05,250.31,1563.17,-439.31
6371,2024-11-22,1053,2046,3016,4004,3,489.42,0.1,147.96,1321.43,877.55
6600,2024-11-22,1006,2031,3002,4004,14,89.86,0.1,228.92,1132.24,-2072.64
5571,2024-11-22,1052,2034,3006,4003,12,291.89,0.05,80.83,3327.55,2357.59
6350,2024-11-23,1048,2010,3015,4005,10,279.45,0.2,83.14,2235.6,1404.2
6917,2024-11-23,1005,2028,3002,4003,5,216.98,0.05,253.65,1030.65,-237.6
5009,2024-11-23,1058,2044,3021,4004,4,60.56,0.0,115.26,242.24,-218.8
5552,2024-11-24,1044,2012,3003,4001,17,496.25,0.05,120.28,8014.44,5969.68
5771,2024-11-24,1095,2009,3014,4002,8,268.41,0.0,81.33,2147.28,1496.64
6268,2024-11-24,1054,2043,3006,4002,16,109.5,0.15,259.34,1489.2,-2660.24
6313,2024-11-25,1072,2045,3018,4001,16,382.91,0.2,190.54,4901.25,1852.61
6662,2024-11-25,1079,2001,3004,4003,3,389.08,0.05,256.15,1108.88,340.43
7155,2024-11-25,1073,2025,3016,4001,17,396.13,0.0,67.01,6734.21,5595.04
6663,2024-11-25,1097,2025,3010,4005,12,286.3,0.2,283.71,2748.48,-656.04
6930,2024-11-25,1043,2032,3007,4005,16,123.0,0.05,86.37,1869.6,487.68
6845,2024-11-25,1048,2030,3015,4003,2,60.39,0.05,164.2,114.74,-213.66
5496,2024-11-26,1012,2014,3003,4002,15,146.75,0.2,63.82,1761.0,803.7
7169,2024-11-26,1043,2016,3022,4005,13,462.89,0.15,30.46,5114.93,4718.95
6835,2024-11-26,1089,2020,3020,4002,16,308.49,0.05,277.24,4689.05,253.21
5701,2024-11-26,1089,2020,3021,4004,11,430.23,0.05,208.15,4495.9,2206.25
7150,2024-11-26,1023,2039,3015,4005,6,110.02,0.2,29.82,528.1,349.18
7424,2024-11-27,1041,2020,3012,4005,12,238.27,0.15,49.12,2430.35,1840.91
7259,2024-11-27,1050,2026,3020,4005,6,352.44,0.1,204.09,1903.18,678.64
5151,2024-11-27,1036,2046,3019,4005,14,425.97,0.0,200.09,5963.58,3162.32
5139,2024-11-27,1026,2003,3016,4002,9,76.23,0.2,106.71,548.86,-411.53
6764,2024-11-28,1049,2033,3006,4004,17,137.58,0.05,248.22,2221.92,-1997.82
6315,2024-11-28,1048,2004,3017,4003,13,290.39,0.15,127.48,3208.81,1551.57
7497,2024-11-28,1044,2030,3002,4003,14,97.98,0.05,294.57,1303.13,-2820.85
7210,2024-11-29,1014,2029,3018,4002,6,187.42,0.1,111.53,1012.07,342.89
5451,2024-11-29,1017,2002,3005,4005,17,475.23,0.15,208.43,6867.07,3323.76
6245,2024-11-29,1011,2044,3015,4002,12,378.01,0.05,140.86,4309.31,2618.99
5153,2024-11-29,1073,2005,3025,4002,9,434.46,0.15,132.6,3323.62,2130.22
6253,2024-11-30,1059,2002,3007,4005,10,59.11,0.15,31.86,502.44,183.84
5083,2024-11-30,1085,2003,3014,4004,1,231.85,0.2,243.49,185.48,-58.01
5783,2024-12-01,1072,2023,3004,4002,2,65.04,0.1,29.19,117.07,58.69
6219,2024-12-01,1030,2023,3012,4002,2,401.43,0.0,155.9,802.86,491.06
7329,2024-12-02,1068,2022,3008,4004,15,226.83,0.15,232.12,2892.08,-589.72
7069,2024-12-02,1003,2029,3015,4002,4,112.45,0.2,243.61,359.84,-614.6
5099,2024-12-02,1001,2024,3023,4003,9,386.62,0.05,69.14,3305.6,2683.34
6875,2024-12-02,1001,2030,3008,4004,17,498.27,0.0,56.27,8470.59,7514.0
6300,2024-12-03,1076,2036,3022,4002,19,244.28,0.0,252.98,4641.32,-165.3
6503,2024-12-03,1017,2003,3016,4003,16,347.98,0.05,21.66,5289.3,4942.74
5939,2024-12-03,1051,2006,3002,4002,12,331.22,0.1,255.67,3577.18,509.14
6424,2024-12-03,1090,2048,3024,4005,5,286.11,0.15,299.85,1215.97,-283.28
6553,2024-12-04,1045,2026,3025,4004,14,202.59,0.15,125.05,2410.82,660.12
5525,2024-12-04,1014,2040,3005,4002,14,112.27,0.05,31.27,1493.19,1055.41
5409,2024-12-04,1012,2011,3021,4004,4,492.21,0.15,28.06,1673.51,1561.27
5994,2024-12-04,1081,2024,3023,4001,1,155.39,0.05,57.6,147.62,90.02
5096,2024-12-05,1019,2046,3023,4001,11,272.78,0.05,156.73,2850.55,1126.52
7478,2024-12-05,1086,2013,3007,4001,9,172.03,0.1,234.1,1393.44,-713.46
5609,2024-12-05,1094,2027,3005,4003,3,480.7,0.0,58.66,1442.1,1266.12
7334,2024-12-06,1093,2015,3019,4005,11,368.67,0.05,233.31,3852.6,1286.19
6019,2024-12-06,1085,2008,3014,4002,1,58.31,0.2,269.49,46.65,-222.84
5982,2024-12-06,1020,2022,3004,4003,7,443.62,0.2,180.63,2484.27,1219.86
5890,2024-12-07,1032,2028,3002,4002,3,222.27,0.2,255.57,533.45,-233.26
6719,2024-12-07,1014,2049,3022,4003,14,387.57,0.2,261.45,4340.78,680.48
7133,2024-12-07,1065,2047,3011,4002,1,436.63,0.05,84.58,414.8,330.22
5209,2024-12-07,1042,2021,3024,4004,10,260.51,0.1,120.26,2344.59,1141.99
6278,2024-12-07,1082,2017,3025,4003,19,160.16,0.1,90.3,2738.74,1023.04
6416,2024-12-07,1064,2031,3025,4004,12,180.83,0.0,96.63,2169.96,1010.4
5777,2024-12-08,1069,2003,3005,4003,11,190.4,0.2,116.88,1675.52,389.84
5435,2024-12-08,1051,2011,3008,4002,9,267.62,0.15,266.56,2047.29,-351.75
5854,2024-12-08,1054,2018,3024,4002,3,192.52,0.0,113.88,577.56,235.92
5865,2024-12-09,1022,2004,3001,4004,13,471.35,0.15,295.11,5208.42,1371.99
7109,2024-12-09,1069,2015,3023,4004,15,475.18,0.1,224.61,6414.93,3045.78
6910,2024-12-10,1066,2015,3009,4002,1,444.47,0.15,150.12,377.8,227.68
6202,2024-12-10,1062,2041,3010,4002,13,315.77,0.1,169.83,3694.51,1486.72
6230,2024-12-11,1015,2028,3018,4001,7,213.44,0.0,61.99,1494.08,1060.15
5662,2024-12-11,1038,2021,3023,4003,13,138.87,0.1,61.76,1624.78,821.9
6068,2024-12-11,1098,2027,3012,4004,19,89.88,0.0,279.3,1707.72,-3598.98
7199,2024-12-11,1078,2028,3016,4002,2,427.81,0.15,269.2,727.28,188.88
6606,2024-12-11,1008,2007,3019,4002,18,390.88,0.0,67.22,7035.84,5825.88
7071,2024-12-13,1008,2037,3014,4001,5,176.74,0.05,75.95,839.52,459.77
6986,2024-12-13,1044,2028,3011,4005,15,119.06,0.05,32.4,1696.6,1210.6
5615,2024-12-13,1075,2006,3023,4003,1,336.37,0.2,181.97,269.1,87.13
5678,2024-12-13,1001,2012,3002,4001,12,471.27,0.0,34.57,5655.24,5240.4
5781,2024-12-14,1038,2015,3025,4001,8,196.16,0.0,33.93,1569.28,1297.84
6403,2024-12-14,1028,2029,3017,4001,13,386.74,0.15,73.56,4273.48,3317.2
5309,2024-12-14,1012,2049,3008,4002,17,330.7,0.1,137.32,5059.71,2725.27
5544,2024-12-14,1089,2046,3007,4004,1,469.75,0.0,78.64,469.75,391.11
5602,2024-12-14,1066,2045,3025,4001,16,331.35,0.2,183.06,4241.28,1312.32
6166,2024-12-15,1060,2021,3009,4002,7,457.01,0.05,41.1,3039.12,2751.42
5034,2024-12-15,1030,2039,3019,4003,6,360.48,0.2,180.93,1730.3,644.72
5916,2024-12-15,1032,2034,3011,4002,18,162.22,0.15,134.52,2481.97,60.61
6860,2024-12-16,1073,2002,3013,4004,3,90.99,0.1,131.51,245.67,-148.86
6103,2024-12-16,1019,2023,3020,4005,17,458.72,0.1,130.17,7018.42,4805.53
6021,2024-12-17,1100,2009,3023,4001,15,368.06,0.1,245.65,4968.81,1284.06
5757,2024-12-17,1088,2021,3012,4003,10,267.92,0.2,93.41,2143.36,1209.26
6292,2024-12-17,1056,2032,3011,4002,6,315.55,0.0,151.19,1893.3,986.16
7223,2024-12-18,1021,2043,3020,4002,13,53.49,0.1,92.63,625.83,-578.36
6384,2024-12-18,1096,2034,3002,4002,19,112.79,0.1,267.19,1928.71,-3147.9
5082,2024-12-19,1048,2014,3011,4003,3,419.13,0.1,152.59,1131.65,673.88
5842,2024-12-19,1075,2006,3020,4001,15,50.42,0.15,251.75,642.86,-3133.39
6531,2024-12-19,1038,2041,3001,4005,17,399.27,0.15,75.07,5769.45,4493.26
5025,2024-12-19,1096,2035,3014,4004,17,264.17,0.05,297.99,4266.35,-799.48
5472,2024-12-19,1004,2014,3024,4001,10,80.94,0.2,247.74,647.52,-1829.88
6874,2024-12-20,1075,2034,3014,4005,19,418.62,0.1,101.5,7158.4,5229.9
6611,2024-12-20,1084,2003,3009,4004,13,450.38,0.05,184.15,5562.19,3168.24
5991,2024-12-20,1099,2012,3016,4002,19,372.85,0.2,174.14,5667.32,2358.66
5879,2024-12-20,1049,2045,3008,4002,2,64.43,0.05,63.66,122.42,-4.9
6226,2024-12-21,1065,2007,3022,4002,14,87.32,0.05,143.52,1161.36,-847.92
6690,2024-12-21,1036,2012,3024,4002,10,118.8,0.0,175.91,1188.0,-571.1
5386,2024-12-21,1083,2028,3015,4005,5,107.53,0.05,89.82,510.77,61.67
7194,2024-12-21,1066,2012,3004,4002,2,295.47,0.05,134.29,561.39,292.81
5062,2024-12-22,1093,2010,3014,4004,19,176.06,0.15,98.69,2843.37,968.26
6175,2024-12-23,1087,2004,3022,4005,16,404.86,0.1,170.47,5829.98,3102.46
6988,2024-12-23,1047,2034,3014,4004,12,329.73,0.05,173.91,3758.92,1672.0
5429,2024-12-23,1050,2021,3023,4004,17,178.78,0.05,199.03,2887.3,-496.21
6127,2024-12-23,1082,2024,3003,4004,2,90.05,0.0,186.28,180.1,-192.46
5989,2024-12-24,1053,2021,3006,4003,1,152.11,0.05,134.42,144.5,10.08
5664,2024-12-24,1094,2041,3001,4002,9,128.56,0.15,254.23,983.48,-1304.59
5233,2024-12-25,1066,2005,3018,4004,10,50.41,0.1,289.7,453.69,-2443.31
5805,2024-12-25,1009,2018,3007,4004,6,448.73,0.1,131.96,2423.14,1631.38
6822,2024-12-25,1055,2016,3003,4004,19,261.12,0.2,228.4,3969.02,-370.58
5908,2024-12-26,1051,2008,3005,4001,13,271.45,0.0,53.56,3528.85,2832.57
5520,2024-12-26,1052,2019,3017,4003,9,484.78,0.15,268.76,3708.57,1289.73
7466,2024-12-26,1012,2043,3018,4001,13,115.01,0.05,274.67,1420.37,-2150.34
6865,2024-12-26,1098,2026,3014,4005,19,170.45,0.0,78.21,3238.55,1752.56
7278,2024-12-27,1040,2010,3007,4003,10,309.54,0.05,273.39,2940.63,206.73
6708,2024-12-27,1042,2040,3002,4003,12,450.55,0.1,99.93,4865.94,3666.78
6110,2024-12-27,1057,2018,3015,4002,17,289.45,0.1,165.35,4428.58,1617.63
7222,2024-12-27,1008,2030,3018,4002,8,353.17,0.2,59.79,2260.29,1781.97
7214,2024-12-27,1052,2014,3005,4005,15,288.61,0.0,28.79,4329.15,3897.3
7221,2024-12-29,1098,2027,3004,4002,7,95.1,0.05,185.01,632.41,-662.66
5857,2024-12-29,1071,2029,3023,4003,6,312.44,0.2,59.39,1499.71,1143.37
6950,2024-12-29,1027,2038,3024,4001,2,189.43,0.0,211.81,378.86,-44.76
6520,2024-12-30,1020,2018,3023,4003,10,227.58,0.15,172.19,1934.43,212.53
6506,2024-12-30,1008,2030,3013,4002,4,179.25,0.05,117.68,681.15,210.43
5211,2024-12-31,1039,2050,3018,4005,4,319.18,0.0,39.66,1276.72,1118.08
5650,2024-12-31,1013,2021,3022,4004,13,266.62,0.0,217.83,3466.06,634.27
7207,2024-12-31,1033,2020,3010,4004,17,82.74,0.0,112.23,1406.58,-501.33
7444,2024-12-31,1017,2022,3022,4001,8,416.66,0.1,253.59,2999.95,971.23
